Timestamp,Target_Deg,Actual_Pos,Current_A,Voltage_V
0.0000,0.0000,-49.0400,0.0000,0.0000
0.0956,1.2006,-46.8400,-0.6200,31.8000
0.1059,1.3301,-46.4900,0.0800,32.0300
0.1610,2.0193,-44.3900,0.0500,31.7600
0.1713,2.1481,-44.0400,-0.2400,31.6700
0.1814,2.2752,-43.6800,-0.1200,32.0300
0.1916,2.4013,-43.3300,0.4100,32.0600
0.2017,2.5278,-42.9800,0.3200,31.8100
0.2561,3.2047,-41.2300,-0.0300,31.6400
0.2664,3.3320,-40.8800,-0.1300,31.9100
0.2766,3.4586,-40.5300,0.1900,32.1200
0.2868,3.5845,-40.1800,0.4000,31.9600
0.2969,3.7099,-39.8300,0.1800,31.6700
0.3071,3.8351,-39.4800,-0.0600,31.8400
0.3604,4.4899,-37.3800,0.0700,32.0300
0.3709,4.6184,-37.0300,0.0500,31.7800
0.3810,4.7425,-36.6800,0.1300,31.6300
0.3912,4.8666,-36.3300,-0.0800,31.9300
0.4014,4.9909,-35.9800,-0.0200,32.0600
0.4427,5.4923,-34.5700,-0.0500,32.0300
0.4530,5.6155,-34.2300,0.1700,31.9300
0.4631,5.7374,-33.8800,0.0300,31.6100
0.4732,5.8592,-33.5300,-0.0200,31.8300
0.4834,5.9816,-33.1700,0.0000,32.0400
0.4937,6.1046,-32.8200,0.2700,31.9800
0.5038,6.2257,-32.4800,-0.0100,31.6800
0.5461,6.7281,-31.0700,0.0900,31.7900
0.5564,6.8498,-30.7200,0.0000,31.7900
0.5667,6.9722,-30.3700,-0.1000,31.9800
0.5770,7.0929,-30.0200,0.1400,32.0400
0.5871,7.2118,-29.6700,0.2800,31.8600
0.5974,7.3323,-29.3200,0.0400,31.7800
0.6076,7.4516,-28.9700,-0.0500,31.8900
0.6504,7.9475,-27.2200,-0.0500,31.9300
0.6607,8.0662,-26.8700,0.1500,31.9100
0.6709,8.1838,-26.5200,-0.0200,31.7500
0.6812,8.3012,-26.1700,-0.0600,31.8200
0.6914,8.4174,-25.8200,-0.1800,31.9300
0.7015,8.5328,-25.4700,0.0600,31.9500
0.7476,9.0531,-24.0600,0.1500,31.9500
0.7579,9.1683,-23.7200,0.0200,31.8100
0.7681,9.2823,-23.3600,0.1800,31.8900
0.7783,9.3950,-23.0100,0.0300,31.8900
0.7884,9.5071,-22.3100,0.0200,31.8400
0.7986,9.6192,-21.9600,0.2500,31.9300
0.8087,9.7308,-21.6100,0.0600,31.8500
0.8534,10.2179,-20.2100,0.1100,31.9100
0.8637,10.3289,-19.8600,0.0200,31.8700
0.8740,10.4395,-19.5100,0.1000,31.8600
0.8842,10.5487,-19.1600,-0.1200,31.9400
0.8945,10.6577,-18.8100,0.1000,31.9000
0.9046,10.7651,-18.4600,-0.0300,31.8600
0.9466,11.2061,-17.0600,-0.0100,31.8100
0.9570,11.3138,-16.7100,-0.1100,31.8100
0.9672,11.4193,-16.3600,-0.5100,31.8400
0.9776,11.5264,-16.0100,0.1700,31.9700
0.9877,11.6303,-15.6600,0.0500,31.8800
0.9978,11.7335,-15.3100,0.0000,31.7800
1.0080,11.8365,-14.9600,-0.4400,31.8000
1.0529,12.2874,-13.2000,0.1300,32.0700
1.0633,12.3896,-12.8500,0.5800,32.0100
1.0735,12.4899,-12.5000,0.2400,31.8200
1.0837,12.5895,-12.1500,-0.1700,31.7400
1.0939,12.6890,-11.8000,-0.0500,32.0600
1.1041,12.7879,-11.4500,0.5200,32.0400
1.1506,13.2318,-9.7000,0.3700,31.9100
1.1610,13.3301,-9.3500,0.1100,31.7200
1.1713,13.4255,-9.0000,-0.5100,31.8600
1.1815,13.5210,-8.6500,0.0100,32.0600
1.1917,13.6151,-8.3000,0.2800,31.9700
1.2021,13.7102,-7.9500,0.0900,31.7100
1.2472,14.1176,-6.5400,0.0000,31.7700
1.2575,14.2085,-6.1900,-0.1600,31.6500
1.2676,14.2979,-5.8400,-0.2100,32.0200
1.2780,14.3887,-5.4900,0.3000,32.0800
1.2882,14.4774,-5.1400,0.2800,31.8200
1.2985,14.5662,-4.7900,-0.0100,31.6000
1.3086,14.6531,-4.0900,0.2200,32.0700
1.3496,14.9993,-2.6900,0.1000,32.1100
1.3599,15.0840,-2.3400,0.3500,31.9800
1.3701,15.1678,-1.9900,0.1600,31.6800
1.3803,15.2516,-1.6400,0.0000,31.8200
1.3905,15.3343,-1.2900,-0.0400,32.0500
1.4007,15.4157,-0.9400,0.3600,32.0400
1.4434,15.7524,0.4500,0.1100,32.0200
1.4538,15.8324,0.8000,0.0700,31.8000
1.4639,15.9099,1.1500,0.1500,31.6400
1.4741,15.9868,1.5000,0.0000,31.8900
1.4842,16.0632,1.8600,0.0100,32.0500
1.4944,16.1387,2.2000,0.1400,31.8800
1.5045,16.2139,2.5500,0.1000,31.6100
1.5473,16.5223,3.9500,-0.0100,31.6600
1.5575,16.5946,4.3100,-0.0800,31.8300
1.5677,16.6657,4.6600,0.0100,32.0100
1.5779,16.7359,5.0100,0.2200,31.9900
1.5880,16.8055,5.3600,0.0800,31.7000
1.5982,16.8744,5.7100,0.0000,31.8300
1.6084,16.9432,6.0600,-0.0500,31.9500
1.6555,17.2502,7.8100,0.1600,32.0200
1.6659,17.3156,8.1600,0.3800,31.8700
1.6761,17.3793,8.5100,0.0600,31.8300
1.6863,17.4425,8.8600,0.0000,31.8800
1.6964,17.5043,9.2100,0.0400,32.0000
1.7065,17.5655,9.5600,0.2500,31.9100
1.7543,17.8448,11.3100,-0.0700,31.7900
1.7646,17.9026,11.6600,-0.0400,31.8300
1.7748,17.9592,12.0100,-0.1200,31.9000
1.7849,18.0149,12.3700,0.0500,31.9100
1.7950,18.0698,12.7100,-0.1200,31.7900
1.8051,18.1239,13.0700,-0.0200,31.8900
1.8509,18.3594,14.8200,0.0900,31.8800
1.8611,18.4098,15.1700,0.0700,31.8800
1.8712,18.4593,15.5200,-0.0400,31.8400
1.8814,18.5084,15.8700,0.3400,31.9700
1.8916,18.5566,16.2200,0.1800,31.8600
1.9018,18.6041,16.5700,0.0000,31.8800
1.9491,18.8136,18.3200,0.1200,31.8400
1.9594,18.8572,18.6700,-0.0400,31.9700
1.9696,18.8995,19.0200,0.2400,31.9400
1.9801,18.9422,19.3700,0.1100,31.8600
1.9903,18.9832,19.7200,-0.0200,31.8000
2.0005,19.0231,20.0700,-0.4100,31.9000
2.0452,19.1891,21.4700,-0.6200,31.8400
2.0555,19.2249,21.8300,0.0600,32.0100
2.0656,19.2597,22.1800,0.1000,31.8900
2.0759,19.2941,22.5200,-0.0300,31.7600
2.0860,19.3273,22.8800,-0.4600,31.7800
2.0962,19.3599,23.2300,0.1000,32.0800
2.1064,19.3914,23.5800,0.3200,31.9500
2.1539,19.5289,25.3300,0.3300,31.8400
2.1641,19.5563,25.6800,-0.1500,31.7200
2.1743,19.5826,26.0300,-0.1500,32.0500
2.1844,19.6080,26.3800,0.4700,32.0700
2.1947,19.6332,26.7300,0.4500,31.9100
2.2050,19.6575,27.0800,0.1100,31.7100
2.2505,19.7547,28.8400,-0.4300,31.8200
2.2607,19.7744,29.1900,-0.0400,32.0500
2.2709,19.7931,29.5400,0.2700,31.9900
2.2810,19.8109,29.8900,0.0900,31.7200
2.2911,19.8279,30.2400,-0.2300,31.6800
2.3014,19.8444,30.5900,-0.1800,32.0600
2.3450,19.9052,31.9900,-0.1900,31.9800
2.3553,19.9174,32.3400,0.1500,32.0800
2.3657,19.9288,32.6900,0.2700,31.8300
2.3760,19.9393,33.0400,0.0400,31.5900
2.3863,19.9490,33.3900,-0.1000,31.9400
2.3965,19.9577,33.7400,0.1700,32.0600
2.4067,19.9656,34.0900,0.3500,31.9400
2.4530,19.9913,35.8400,0.0400,31.7100
2.4633,19.9947,36.1900,0.0300,31.8100
2.4734,19.9972,36.5500,-0.0600,32.0300
2.4836,19.9989,36.9000,0.2400,32.0700
2.4939,19.9999,37.2400,0.1800,31.7700
2.5041,19.9999,37.5900,0.0600,31.7200
2.5478,19.9910,39.0000,0.1400,31.6700
2.5581,19.9867,39.3500,0.0100,31.8700
2.5683,19.9816,39.7000,0.0500,32.0200
2.5785,19.9757,40.4000,0.1200,31.6400
2.5888,19.9689,40.7500,-0.0400,31.8700
2.5991,19.9613,41.1000,-0.1100,32.0000
2.6093,19.9529,41.4500,0.0900,31.9700
2.6554,19.9047,42.8500,0.1900,31.9900
2.6657,19.8917,43.2000,0.0100,31.7400
2.6758,19.8781,43.5500,0.0000,31.8500
2.6859,19.8637,43.9000,-0.0500,31.9200
2.6960,19.8485,44.2500,0.1200,32.0200
2.7061,19.8325,44.6000,0.1900,31.8200
2.7480,19.7578,46.0000,0.4200,31.8700
2.7583,19.7373,46.3500,0.0600,31.8600
2.7684,19.7162,46.7100,-0.0300,31.8800
2.7786,19.6943,47.4100,0.2700,31.9000
2.7887,19.6718,47.7600,-0.0400,31.8400
2.7988,19.6485,48.1100,-0.0600,31.8800
2.8091,19.6241,48.4600,-0.0800,31.8900
2.8515,19.5143,49.8600,-0.1300,31.8700
2.8617,19.4858,50.2100,0.0200,31.8800
2.8719,19.4565,50.5600,-0.1700,31.8000
2.8821,19.4265,50.9100,0.0500,31.9000
2.8923,19.3955,51.2600,-0.0400,31.8400
2.9025,19.3639,51.6100,0.0400,31.8900
2.9460,19.2198,53.0100,0.0800,31.8500
2.9562,19.1839,53.3600,-0.1500,31.8300
2.9664,19.1474,53.7100,0.3500,32.0200
2.9766,19.1099,54.0600,0.2700,31.8800
2.9868,19.0717,54.4100,0.0600,31.8600
2.9969,19.0330,54.7600,-0.0600,31.8200
3.0071,18.9934,55.1200,0.2800,32.0000
3.0508,18.8144,56.8700,0.3900,31.9700
3.0610,18.7702,57.2200,0.2100,31.8700
3.0712,18.7257,57.5700,-0.0300,31.7800
3.0813,18.6807,57.9200,-0.5200,31.9000
3.0915,18.6348,58.2700,0.2200,32.0300
3.1016,18.5883,58.6200,0.1300,31.8600
3.1440,18.3849,60.0200,0.1900,31.9300
3.1542,18.3340,60.3700,0.0000,31.7500
3.1644,18.2827,60.7200,-0.4400,31.7500
3.1745,18.2305,61.0700,0.0500,32.0900
3.1848,18.1769,61.4200,0.3700,31.9700
3.1949,18.1235,61.7700,0.2500,31.8000
3.2051,18.0691,62.1200,-0.1900,31.7000
3.2469,17.8377,63.5300,-0.1000,31.6900
3.2572,17.7791,63.8800,-0.1300,32.0200
3.2675,17.7192,64.2300,0.3400,32.1000
3.2776,17.6597,64.5800,0.5000,31.9300
3.2879,17.5989,64.9300,0.1700,31.6900
3.2981,17.5378,65.2800,-0.1500,31.9000
3.3083,17.4755,65.6300,0.1000,32.1200
3.3505,17.2118,67.3800,0.2400,32.0100
3.3608,17.1451,67.7300,0.1000,31.7300
3.3711,17.0784,68.0800,-0.0300,31.6500
3.3813,17.0115,68.4400,-0.1600,32.0200
3.3915,16.9438,68.7900,-0.0200,32.0400
3.4016,16.8758,69.1300,0.0300,31.8100
3.4432,16.5898,70.5400,0.2200,31.8700
3.4534,16.5176,70.8800,0.0800,31.5900
3.4636,16.4451,71.2400,-0.0500,31.9100
3.4738,16.3720,71.5900,0.1000,32.0500
3.4839,16.2984,71.9400,0.3700,31.9600
3.4941,16.2240,72.2900,0.0000,31.6500
3.5043,16.1488,72.6400,-0.0600,31.8300
3.5513,15.7929,74.3900,-0.0800,32.0000
3.5616,15.7132,74.7400,0.1400,32.0700
3.5717,15.6342,75.0900,0.1900,31.8000
3.5818,15.5547,75.4400,0.0300,31.7300
3.5920,15.4744,75.7900,-0.0900,31.9600
3.6021,15.3935,76.1400,0.0200,32.0300
3.6470,15.0273,77.5400,0.0200,32.0100
3.6574,14.9407,77.8900,0.1800,31.9100
3.6676,14.8554,78.2400,0.0800,31.6700
3.6777,14.7696,78.5900,-0.0300,31.8500
3.6879,14.6832,78.9400,-0.1300,31.9700
3.6981,14.5960,79.2900,0.0900,31.9700
3.7084,14.5072,79.6400,-0.0300,31.7300
3.7513,14.1308,81.4000,0.0600,31.8700
3.7615,14.0393,81.7500,-0.0400,31.9000
3.7717,13.9484,82.1000,0.1100,31.9900
3.7818,13.8569,82.4500,0.2100,31.8400
3.7919,13.7646,82.8000,0.1500,31.8600
3.8022,13.6711,83.1500,0.0400,31.9000
3.8499,13.2275,84.9000,-0.0200,31.9400
3.8602,13.1300,85.2500,0.2600,31.9000
3.8704,13.0330,85.6000,-0.1000,31.8700
3.8808,12.9335,85.9500,-0.0900,31.9000
3.8910,12.8355,86.3000,-0.0800,31.8600
3.9012,12.7370,86.6500,0.0300,31.8800
3.9508,12.2500,88.4000,-0.2200,31.8300
3.9611,12.1472,88.7500,0.0800,31.9400
3.9713,12.0452,89.1000,-0.0100,31.8200
3.9815,11.9429,89.4500,0.0000,31.8500
3.9917,11.8399,89.8000,-0.3100,31.8200
4.0019,11.7367,90.1600,0.3800,31.9700
4.0564,11.1752,91.9100,0.3200,31.9200
4.0667,11.0672,92.2600,0.0500,31.8500
4.0769,10.9602,92.6100,-0.1200,31.7900
4.0872,10.8523,92.9600,0.1300,32.0300
4.0973,10.7448,93.3100,0.5200,32.0000
4.1076,10.6362,93.6600,0.3100,31.8300
4.1617,10.0540,95.7600,-0.5800,31.8900
4.1722,9.9394,96.1200,0.1700,32.0600
4.1826,9.8261,96.4600,0.2300,31.8900
4.1929,9.7128,96.8100,-1.5200,31.5700
4.2031,9.6004,97.1300,-18.9700,28.6900
4.2629,8.9350,97.3900,0.1700,-2.9900
4.2735,8.8155,97.3500,-7.6200,-3.5000
4.2842,8.6951,97.2300,-5.5500,-9.5500
4.2944,8.5796,97.0500,-3.9000,-15.2600
4.3046,8.4629,96.8100,-3.5300,-20.1300
4.3534,7.9036,95.1900,-0.0700,-31.5500
4.3636,7.7856,94.8300,0.1200,-31.8600
4.3738,7.6674,94.4800,-0.0500,-31.9900
4.3840,7.5494,94.1300,-0.2300,-31.9000
4.3942,7.4297,93.7800,-0.0700,-31.7500
4.4044,7.3107,93.4300,0.1400,-31.8000
4.4577,6.6831,91.6800,0.0600,-31.9300
4.4680,6.5615,91.3300,-0.0800,-31.9100
4.4782,6.4402,90.9800,-0.1000,-31.8200
4.4884,6.3188,90.6300,0.1000,-31.7200
4.4985,6.1978,89.9300,0.0700,-31.9100
4.5088,6.0753,89.5800,-0.0200,-31.8500
4.5586,5.4757,87.8300,-0.0200,-31.7500
4.5692,5.3474,87.4800,-0.1000,-31.9200
4.5796,5.2215,87.1300,0.0600,-31.8800
4.5898,5.0979,86.7800,-0.2100,-31.8800
4.6000,4.9737,86.4300,-0.1100,-31.8400
4.6415,4.4669,85.0300,-0.1900,-31.8600
4.6517,4.3415,84.6800,-0.1700,-31.9600
4.6621,4.2145,84.3300,-0.0900,-31.8600
4.6724,4.0879,83.9800,0.0000,-31.8600
4.6826,3.9620,83.6300,-0.0600,-31.9100
4.6928,3.8367,83.2800,0.0900,-31.9100
4.7030,3.7107,82.9300,-0.1000,-31.8700
4.7546,3.0716,81.1800,0.1100,-31.8000
4.7650,2.9420,80.8200,0.2100,-31.8800
4.7752,2.8154,80.4700,0.3700,-31.9200
4.7855,2.6868,80.1200,-0.4600,-32.0000
4.7960,2.5568,79.7700,0.1100,-31.8200
4.8063,2.4277,79.4200,0.1700,-31.8500
4.8605,1.7504,77.3100,-1.1200,-32.1700
4.8708,1.6215,76.9600,-0.3800,-31.9400
4.8814,1.4895,76.6100,0.0100,-31.8400
4.8916,1.3616,76.2600,0.3500,-31.9900
4.9018,1.2338,75.9100,-0.4700,-32.1900
4.9456,0.6831,74.5000,0.4000,-32.1700
4.9559,0.5541,74.1500,-0.7000,-32.1100
4.9661,0.4260,73.8000,0.0200,-31.8800
4.9763,0.2978,73.4500,0.4900,-31.9100
4.9865,0.1695,73.0900,1.0400,-32.0800
4.9969,0.0391,72.7400,-0.8100,-32.2300
5.0070,-0.0885,72.3900,-0.0700,-31.9600
5.0560,-0.7039,70.6300,-0.0100,-31.9000
5.0665,-0.8353,70.2800,0.2900,-31.9300
5.0767,-0.9634,69.9200,-0.3300,-32.3200
5.0870,-1.0932,69.5700,-0.9600,-32.1600
5.0972,-1.2204,69.2200,-0.3000,-31.9000
5.1074,-1.3489,68.8700,0.1600,-31.9100
5.1491,-1.8703,67.1100,0.9400,-32.0300
5.1594,-2.0000,66.7500,-0.2600,-32.1900
5.1697,-2.1279,66.4100,-0.3000,-31.9500
5.1799,-2.2553,66.0500,0.0900,-31.7800
5.1900,-2.3826,65.7000,0.5800,-31.8400
5.2002,-2.5089,65.3500,-0.1000,-32.2000
5.2436,-3.0494,63.9400,0.0200,-32.1300
5.2539,-3.1768,63.6000,-0.5000,-32.0500
5.2644,-3.3072,63.2500,-0.2900,-31.8300
5.2748,-3.4357,62.9000,0.0200,-31.7100
5.2850,-3.5620,62.5400,0.1100,-32.0900
5.2952,-3.6884,62.1900,-0.4400,-32.0800
5.3054,-3.8143,61.8400,-0.4000,-31.8600
5.3541,-4.4132,60.0900,-0.0100,-31.7000
5.3644,-4.5390,59.7400,0.2400,-31.8400
5.3746,-4.6640,59.3900,0.0800,-32.0100
5.3848,-4.7887,59.0400,-0.1400,-31.9200
5.3950,-4.9129,58.6900,-0.1100,-31.7500
5.4052,-5.0369,58.3400,0.1000,-31.7200
5.4494,-5.5727,56.5900,0.0700,-31.9500
5.4596,-5.6957,56.2400,-0.0100,-31.9400
5.4698,-5.8179,55.8900,0.0200,-31.8400
5.4799,-5.9400,55.5400,0.0600,-31.6800
5.4901,-6.0615,55.1900,-0.0100,-31.9300
5.5002,-6.1831,54.8400,0.0500,-31.9400
5.5457,-6.7235,53.4400,0.0100,-31.9200
5.5561,-6.8470,53.0900,-0.1500,-31.9100
5.5663,-6.9671,52.7400,-0.1000,-31.7700
5.5765,-7.0874,52.3900,-0.0800,-31.9200
5.5867,-7.2068,52.0400,-0.1000,-31.9000
5.5969,-7.3263,51.6900,-0.2100,-31.9000
5.6070,-7.4444,51.3400,-0.2300,-31.8600
5.6501,-7.9440,49.5900,0.0800,-31.8800
5.6604,-8.0627,49.2300,0.0700,-31.8700
5.6705,-8.1792,48.8800,0.0600,-31.8500
5.6807,-8.2955,48.5300,-0.0200,-31.8800
5.6909,-8.4119,48.1800,0.1500,-31.8400
5.7011,-8.5279,47.8300,-0.0800,-31.8800
5.7469,-9.0452,46.4300,-0.2100,-31.9200
5.7572,-9.1602,46.0800,0.0300,-31.8100
5.7674,-9.2740,45.7300,0.1900,-31.8900
5.7776,-9.3874,45.3800,0.2100,-31.8900
5.7878,-9.5004,45.0300,-0.6800,-32.0000
5.7981,-9.6136,44.6800,0.0300,-31.8300
5.8084,-9.7279,44.3300,0.0600,-31.8400
5.8507,-10.1885,42.5700,0.2000,-31.9400
5.8611,-10.3001,42.2200,-0.7000,-32.1400
5.8713,-10.4101,41.8700,-0.4500,-31.9400
5.8815,-10.5194,41.5200,0.0400,-31.8400
5.8916,-10.6276,41.1700,0.4000,-31.9800
5.9020,-10.7374,40.8200,0.0300,-32.1300
5.9440,-11.1792,39.4100,0.6400,-32.1000
5.9543,-11.2861,39.0600,-0.5700,-32.1000
5.9645,-11.3920,38.7100,0.0400,-31.8600
5.9747,-11.4973,38.3600,0.4600,-31.8700
5.9849,-11.6012,38.0000,0.9200,-32.0100
5.9950,-11.7045,37.6500,-1.0400,-32.2100
6.0051,-11.8071,37.3000,-0.1800,-31.9500
6.0516,-12.2739,35.5400,0.0900,-31.9200
6.0619,-12.3757,35.1900,0.3300,-31.9400
6.0720,-12.4755,34.8300,-0.0600,-32.3100
6.0823,-12.5761,34.4800,-0.8500,-32.1700
6.0925,-12.6753,34.1300,-0.1900,-31.9100
6.1026,-12.7736,33.7800,0.2500,-31.9000
6.1450,-13.1788,32.3700,0.1000,-31.7700
6.1553,-13.2759,32.0200,0.9500,-32.0000
6.1655,-13.3716,31.6700,-0.1900,-32.2300
6.1756,-13.4661,31.3200,-0.2500,-31.9800
6.1860,-13.5618,30.9700,0.1900,-31.8100
6.1963,-13.6568,30.6100,0.4300,-31.8500
6.2065,-13.7501,30.2600,-0.2400,-32.2600
6.2489,-14.1327,28.5000,-0.5800,-32.1000
6.2593,-14.2245,28.1500,-0.3000,-31.8700
6.2695,-14.3144,27.8000,0.0300,-31.7200
6.2797,-14.4035,27.4500,0.3100,-32.0600
6.2899,-14.4919,27.1000,-0.3400,-32.1100
6.3000,-14.5797,26.7500,-0.3600,-31.8900
6.3441,-14.9532,25.3500,-0.0900,-31.9300
6.3544,-15.0383,25.0000,-0.0900,-31.7100
6.3646,-15.1230,24.6500,0.3200,-31.7900
6.3748,-15.2065,24.3000,0.0900,-32.0300
6.3852,-15.2907,23.9500,-0.1200,-31.9400
6.3954,-15.3733,23.6000,-0.0400,-31.7600
6.4056,-15.4549,23.2500,0.1600,-31.6900
6.4488,-15.7941,21.4900,0.0500,-31.9400
6.4591,-15.8730,21.1400,-0.0800,-31.9600
6.4692,-15.9501,20.7900,-0.1200,-31.8700
6.4794,-16.0265,20.4500,0.0100,-31.6800
6.4895,-16.1028,20.0900,0.0200,-31.9300
6.4997,-16.1782,19.7400,0.0400,-31.9700
6.5099,-16.2535,19.3900,-0.1900,-31.9000
6.5509,-16.5477,17.9900,-0.1600,-31.9400
6.5611,-16.6199,17.6400,-0.1900,-31.8000
6.5714,-16.6909,17.2900,0.0100,-31.8800
6.5815,-16.7610,16.9400,0.0000,-31.9100
6.5918,-16.8312,16.5900,-0.0800,-31.9100
6.6020,-16.8999,16.2400,-0.1500,-31.8600
6.6442,-17.1778,14.8400,-0.1400,-31.8500
6.6547,-17.2449,14.4900,0.1300,-31.8200
6.6649,-17.3097,14.1400,0.0600,-31.8600
6.6752,-17.3739,13.7900,0.0600,-31.8400
6.6855,-17.4373,13.4400,0.0800,-31.8900
6.6957,-17.5002,13.0900,0.2000,-31.8100
6.7059,-17.5616,12.7400,-0.1100,-31.9000
6.7519,-17.8312,10.9900,-0.0200,-31.8200
6.7622,-17.8895,10.6400,0.0900,-31.8900
6.7724,-17.9463,10.2900,0.1000,-31.8700
6.7826,-18.0023,9.9400,-0.5900,-32.0000
6.7928,-18.0577,9.5900,0.0000,-31.8400
6.8029,-18.1121,9.2400,0.0400,-31.8500
6.8472,-18.3409,7.8300,0.1400,-31.8600
6.8574,-18.3919,7.4800,0.1800,-31.9300
6.8676,-18.4416,7.1300,-0.3100,-32.0900
6.8777,-18.4907,6.7800,-0.3800,-31.9300
6.8879,-18.5388,6.4300,0.0700,-31.8200
6.8980,-18.5861,6.0800,0.2200,-31.9300
6.9081,-18.6326,5.7300,0.2800,-32.0400
6.9548,-18.8381,3.9700,-0.7000,-32.1100
6.9650,-18.8807,3.6200,-0.0300,-31.8800
6.9751,-18.9222,3.2700,0.3700,-31.8800
6.9853,-18.9630,2.9100,0.6900,-32.0100
6.9954,-19.0031,2.5600,-1.2500,-32.2400
7.0055,-19.0424,2.2100,-0.3500,-31.9800
7.0479,-19.1984,0.8000,-0.8700,-32.0700
7.0582,-19.2342,0.4500,0.0000,-31.9100
7.0685,-19.2693,-0.2400,0.1500,-32.2400
7.0786,-19.3032,-0.6000,-0.7900,-32.1600
7.0888,-19.3361,-0.9500,-0.0800,-31.9100
7.0989,-19.3683,-1.3000,0.2900,-31.8900
7.1091,-19.3997,-1.6500,1.1100,-32.0900
7.1556,-19.5335,-3.0600,0.8200,-32.0000
7.1658,-19.5608,-3.4100,-0.4200,-32.2800
7.1760,-19.5870,-3.7600,-0.4600,-32.0400
7.1862,-19.6125,-4.1200,0.0500,-31.8500
7.1963,-19.6370,-4.4700,0.3000,-31.8600
7.2065,-19.6608,-4.8200,-0.1600,-32.2700
7.2504,-19.7545,-6.5800,-0.6800,-32.1500
7.2607,-19.7744,-6.9300,-0.2700,-31.9000
7.2709,-19.7931,-7.2800,0.0200,-31.7400
7.2810,-19.8110,-7.6300,0.5800,-32.0300
7.2912,-19.8281,-7.9800,-0.2000,-32.1400
7.3014,-19.8446,-8.3300,-0.2400,-31.9200
7.3464,-19.9069,-9.7400,-0.1500,-31.9500
7.3567,-19.9190,-10.0800,-0.0900,-31.7100
7.3671,-19.9303,-10.4300,0.3200,-31.7400
7.3773,-19.9406,-10.7900,0.0700,-32.0300
7.3875,-19.9500,-11.1400,-0.1200,-31.9600
7.3977,-19.9587,-11.4900,0.0100,-31.7700
7.4080,-19.9666,-11.8400,0.1300,-31.6500
7.4509,-19.9905,-13.5900,0.1400,-31.9600
7.4611,-19.9940,-13.9400,-0.0900,-32.0000
7.4713,-19.9967,-14.2900,-0.1900,-31.8900
7.4814,-19.9986,-14.6400,0.0000,-31.7000
7.4915,-19.9997,-14.9900,0.0600,-31.9200
7.5017,-20.0000,-15.3400,-0.1100,-31.9800
7.5444,-19.9922,-16.7400,-0.0400,-31.9500
7.5546,-19.9882,-17.0900,0.0300,-31.9400
7.5648,-19.9834,-17.4400,-0.1200,-31.7800
7.5750,-19.9778,-17.7900,0.0800,-31.8100
7.5852,-19.9714,-18.1400,0.1400,-31.9200
7.5954,-19.9641,-18.4900,0.0000,-31.9100
7.6056,-19.9560,-18.8400,-0.1000,-31.8500
7.6503,-19.9109,-20.5900,0.1500,-31.7900
7.6605,-19.8983,-20.9400,-0.0200,-31.8800
7.6707,-19.8850,-21.2900,0.0200,-31.8600
7.6809,-19.8710,-21.6400,0.0600,-31.8900
7.6910,-19.8562,-21.9900,0.0800,-31.7800
7.7011,-19.8405,-22.3400,-0.2300,-31.9100
7.7444,-19.7646,-23.7400,-0.2800,-31.9300
7.7549,-19.7441,-24.0900,-0.0200,-31.8400
7.7650,-19.7233,-24.4400,0.0400,-31.8900
7.7753,-19.7016,-24.8000,-0.0600,-31.8800
7.7854,-19.6792,-25.1500,-0.4300,-32.0000
7.7957,-19.6557,-25.5000,-0.1400,-31.8500
7.8059,-19.6316,-25.8500,-0.0600,-31.8500
7.8510,-19.5156,-27.6000,0.1200,-31.8900
7.8612,-19.4870,-27.9500,0.0500,-32.0100
7.8714,-19.4579,-28.3000,-0.2300,-31.9200
7.8815,-19.4280,-28.6500,0.1000,-31.8000
7.8917,-19.3975,-29.0000,0.3500,-31.9000
7.9019,-19.3656,-29.3500,0.5400,-31.9900
7.9438,-19.2276,-30.7600,0.6700,-32.0300
7.9540,-19.1919,-31.1100,-0.8700,-32.1200
7.9641,-19.1556,-31.4600,-0.2000,-31.8800
7.9743,-19.1185,-31.8100,0.2900,-31.8800
7.9844,-19.0808,-32.1700,0.5200,-31.9900
7.9945,-19.0423,-32.5200,-1.2100,-32.2200
8.0047,-19.0030,-32.8700,-0.4500,-31.9800
8.0484,-18.8244,-34.2800,-0.8800,-32.0600
8.0587,-18.7802,-34.9800,0.4200,-31.9100
8.0689,-18.7356,-35.3300,0.5200,-32.2100
8.0793,-18.6898,-35.6800,-0.7400,-32.1700
8.0894,-18.6441,-36.0300,0.0000,-31.9100
8.0997,-18.5970,-36.3900,0.4100,-31.8900
8.1098,-18.5498,-36.7400,1.1400,-32.0800
8.1534,-18.3381,-38.1500,0.6500,-32.0000
8.1636,-18.2864,-38.5000,-0.5600,-32.2900
8.1738,-18.2343,-38.8500,-0.6400,-32.0600
8.1839,-18.1816,-39.2000,-0.0500,-31.8700
8.1941,-18.1281,-39.5600,0.2700,-31.8700
8.2042,-18.0738,-39.9100,-0.1200,-32.2800
8.2480,-17.8314,-41.3200,0.5400,-32.1500
8.2583,-17.7726,-42.0200,-0.1200,-31.9400
8.2686,-17.7129,-42.3700,0.0400,-31.7600
8.2788,-17.6527,-42.7200,0.7300,-31.9900
8.2890,-17.5925,-43.0800,-0.0700,-32.1600
8.2991,-17.5316,-43.4200,-0.2200,-31.9400
8.3092,-17.4701,-43.7700,0.0400,-31.7500
8.3542,-17.1878,-45.1800,0.0100,-31.7200
8.3644,-17.1218,-45.5300,0.2900,-31.7300
8.3746,-17.0552,-45.8800,0.0800,-32.0700
8.3849,-16.9877,-46.2300,-0.2900,-32.0100
8.3951,-16.9192,-46.5800,-0.1300,-31.8000
8.4054,-16.8503,-46.9300,0.0600,-31.6700
8.4477,-16.5576,-48.3300,0.0500,-31.7100
8.4580,-16.4851,-48.6800,0.1200,-31.9400
8.4681,-16.4128,-49.0300,-0.1600,-32.0200
8.4782,-16.3397,-49.3800,-0.2800,-31.9000
8.4883,-16.2661,-49.7300,-0.0600,-31.7100
8.4985,-16.1912,-50.4300,0.0100,-31.9900
8.5091,-16.1131,-50.7800,-0.1500,-31.9100
8.5551,-15.7638,-52.1800,0.0100,-31.9400
8.5654,-15.6840,-52.5400,-0.1500,-31.7900
8.5756,-15.6037,-52.8900,0.0700,-31.7500
8.5857,-15.5238,-53.2400,0.0500,-31.9100
8.5959,-15.4430,-53.5900,-0.0100,-31.9100
8.6062,-15.3602,-53.9400,0.0300,-31.8600
8.6548,-14.9619,-55.6900,0.0100,-31.7600
8.6651,-14.8761,-56.0400,-0.0600,-31.8900
8.6753,-14.7899,-56.3900,0.0100,-31.8700
8.6855,-14.7032,-56.7400,-0.0900,-31.9100
8.6957,-14.6164,-57.0900,0.0300,-31.7900
8.7058,-14.5291,-57.4400,-0.1200,-31.9300
8.7505,-14.1380,-59.1900,-0.1800,-31.8600
8.7607,-14.0464,-59.5400,0.0000,-31.9000
8.7711,-13.9536,-59.8900,-0.1200,-31.8800
8.7812,-13.8621,-60.2400,-0.1200,-31.9600
8.7914,-13.7693,-60.5900,-0.0700,-31.8500
8.8017,-13.6758,-60.9400,0.0600,-31.8400
8.8493,-13.2327,-62.6900,0.0800,-31.8600
8.8597,-13.1348,-63.0400,0.3700,-31.9700
8.8698,-13.0383,-63.3900,-0.1100,-31.9400
8.8801,-12.9404,-63.7400,0.1300,-31.8100
8.8903,-12.8422,-64.1000,0.3600,-31.8800
8.9005,-12.7439,-64.4500,0.4800,-31.9500
8.9469,-12.2887,-65.8500,0.4200,-32.0000
8.9572,-12.1870,-66.2000,-0.9700,-32.1200
8.9673,-12.0858,-66.5500,-0.2100,-31.8800
8.9775,-11.9834,-66.9000,0.1400,-31.8700
8.9878,-11.8795,-67.2600,0.3100,-31.9500
8.9980,-11.7758,-67.6100,-1.0100,-32.2000
9.0082,-11.6723,-67.9600,-0.6400,-31.9900
9.0520,-11.2206,-69.7200,0.2100,-31.9000
9.0624,-11.1124,-70.0700,0.4100,-31.9100
9.0726,-11.0051,-70.4200,0.9000,-32.1600
9.0829,-10.8974,-70.7800,-0.6800,-32.1700
9.0932,-10.7890,-71.1200,-0.0300,-31.9100
9.1034,-10.6808,-71.4800,0.4200,-31.8800
9.1443,-10.2427,-72.8800,0.1300,-31.8300
9.1545,-10.1323,-73.2400,0.5300,-31.9900
9.1646,-10.0223,-73.5900,-0.5400,-32.3100
9.1748,-9.9118,-73.9400,-0.7200,-32.1100
9.1849,-9.8009,-74.2900,-0.0300,-31.9100
9.1951,-9.6889,-74.6500,0.2100,-31.8900
9.2052,-9.5774,-75.0000,0.1300,-32.2800
9.2465,-9.1195,-76.4100,0.9300,-32.1000
9.2567,-9.0047,-76.7600,-0.5300,-32.2000
9.2668,-8.8908,-77.1100,-0.1500,-31.9500
9.2770,-8.7765,-77.4600,0.0200,-31.7500
9.2871,-8.6616,-77.8100,0.7700,-31.9400
9.2973,-8.5468,-78.1700,-0.0300,-32.1800
9.3075,-8.4302,-78.5200,-0.2100,-31.9800
9.3474,-7.9727,-79.8200,0.7100,-26.4900
9.3577,-7.8543,-80.0900,1.5500,-24.5000
9.3678,-7.7372,-80.3100,15.4000,-20.8200
9.3779,-7.6198,-80.4300,5.7200,-12.4600
9.3881,-7.5017,-80.4700,9.6400,-5.1400
9.3984,-7.3817,-80.3900,3.3900,4.4600
9.4085,-7.2629,-80.0500,3.9600,16.8600
9.4483,-6.7946,-79.2300,0.0500,25.6600
9.4586,-6.6735,-78.6600,3.9200,26.0900
9.4688,-6.5520,-78.3300,1.1000,29.4700
9.4789,-6.4314,-77.9900,0.4700,31.1000
9.4891,-6.3103,-77.6400,0.1100,31.4400
9.4993,-6.1890,-77.2900,-0.2100,31.5900
9.5094,-6.0675,-76.9400,-0.1200,31.9600
9.5494,-5.5876,-75.5400,-0.1800,31.9900
9.5596,-5.4639,-75.1900,0.0500,32.0600
9.5698,-5.3409,-74.8400,0.3100,31.8700
9.5800,-5.2172,-74.4900,0.0100,31.6000
9.5902,-5.0924,-74.1400,-0.0900,31.9200
9.6004,-4.9688,-73.7800,0.1200,32.1100
9.6391,-4.4965,-72.3800,0.0000,32.0500
9.6494,-4.3705,-72.0300,0.2600,32.0100
9.6596,-4.2448,-71.6900,0.0800,31.6900
9.6698,-4.1194,-71.3300,0.0700,31.7700
9.6800,-3.9946,-70.9800,-0.0200,32.0300
9.6901,-3.8696,-70.6300,0.2200,32.0300
9.7003,-3.7441,-70.2800,0.1900,31.7800
9.7403,-3.2489,-68.8800,0.1800,31.8400
9.7506,-3.1218,-68.5300,0.1200,31.6600
9.7609,-2.9939,-68.1800,-0.0200,31.9100
9.7710,-2.8672,-67.8300,0.0000,32.0100
9.7813,-2.7393,-67.4800,0.1100,31.9100
9.7914,-2.6133,-67.1300,0.1000,31.6600
9.8016,-2.4864,-66.7800,-0.0400,31.8400
9.8401,-2.0063,-65.3800,-0.0500,31.8500
9.8503,-1.8784,-65.0300,-0.0500,31.9500
9.8606,-1.7500,-64.6800,0.2900,32.0000
9.8709,-1.6206,-64.3300,0.0700,31.7700
9.8811,-1.4928,-63.9800,0.0100,31.8400
9.8913,-1.3652,-63.6300,-0.0300,31.9600
9.9014,-1.2377,-63.2700,0.0900,32.0100
9.9398,-0.7561,-61.8700,0.0500,32.0000
9.9500,-0.6279,-61.5200,0.4200,31.8800
9.9602,-0.5001,-61.1700,0.0900,31.8600
9.9704,-0.3722,-60.8200,-0.0500,31.9000
9.9805,-0.2453,-60.4700,0.0300,31.9300
9.9906,-0.1179,-60.1200,0.2900,31.9000
10.0009,0.0108,-59.7700,-0.0900,31.8600
10.0473,0.5937,-58.3700,-0.1800,31.8200
10.0577,0.7245,-58.0200,-0.0300,31.8900
10.0679,0.8532,-57.6700,-0.0800,31.8500
10.0781,0.9815,-57.3200,-0.0300,31.8900
10.0883,1.1095,-56.9700,-0.2200,31.8300
10.0985,1.2374,-56.6200,0.1000,31.9100
10.1087,1.3654,-55.9200,0.0700,31.8500
10.1582,1.9847,-54.5200,0.1200,31.8600
10.1687,2.1165,-53.8100,0.4200,31.9900
10.1792,2.2469,-53.4600,0.3000,31.9200
10.1895,2.3758,-53.1100,0.0400,31.8500
10.1998,2.5048,-52.7600,-0.1400,31.8200
10.2100,2.6312,-52.4100,0.1100,32.0400
10.2524,3.1581,-51.0100,-0.2000,31.9900
10.2628,3.2869,-50.6600,0.3300,32.0200
10.2730,3.4135,-50.3100,0.1900,31.8400
10.2831,3.5394,-49.9600,-0.0300,31.7700
10.2934,3.6661,-49.6100,-0.6100,31.9100
10.3036,3.7915,-49.2600,0.2000,32.0100
10.3449,4.3003,-47.8500,-0.0300,32.0800
10.3552,4.4260,-47.5100,0.2000,31.9400
10.3653,4.5506,-47.1600,-0.0200,31.7800
10.3755,4.6749,-46.8100,-0.4300,31.7500
10.3857,4.7992,-46.4500,-0.0200,32.0800
10.3960,4.9245,-46.1000,0.4700,32.0400
10.4062,5.0490,-45.7500,0.2000,31.8000
10.4463,5.5349,-44.3500,0.3000,31.8800
10.4566,5.6596,-44.0000,-0.0200,31.6900
10.4670,5.7843,-43.6500,-0.2200,31.9800
10.4771,5.9060,-43.3000,0.3400,32.1200
10.4873,6.0283,-42.9500,0.5200,31.9200
10.4976,6.1513,-42.6000,0.1900,31.6900
10.5078,6.2732,-42.2500,-0.2800,31.9000
10.5471,6.7402,-40.8400,-0.1900,31.7500
10.5573,6.8610,-40.4900,-0.0900,32.0700
10.5675,6.9811,-40.1400,0.1500,32.0000
10.5777,7.1016,-39.7900,0.0700,31.7400
10.5879,7.2206,-39.4400,-0.0400,31.6500
10.5980,7.3388,-39.0900,-0.1600,31.9700
10.6081,7.4566,-38.7400,0.0300,32.0500
10.6464,7.9012,-37.3400,0.0300,32.0500
10.6567,8.0206,-36.9900,0.2200,31.9000
10.6670,8.1381,-36.6400,0.0300,31.6000
10.6772,8.2550,-36.2900,-0.0300,31.8800
10.6874,8.3716,-35.9400,0.1000,32.0900
10.6976,8.4879,-35.5900,0.2700,31.9700
10.7077,8.6030,-35.2400,0.0000,31.6600
10.7494,9.0729,-33.4900,0.0500,31.7700
10.7597,9.1878,-33.1400,-0.0800,32.0000
10.7700,9.3028,-32.7900,0.2600,32.0300
10.7802,9.4162,-32.4400,0.2200,31.8200
10.7904,9.5290,-32.0900,0.0100,31.7400
10.8006,9.6411,-31.7400,-0.0500,31.9100
10.8445,10.1217,-30.3300,-0.0300,31.8900
10.8548,10.2324,-29.9800,-0.0200,32.0000
10.8649,10.3417,-29.6300,0.1300,31.9400
10.8751,10.4509,-29.2800,0.0700,31.7100
10.8852,10.5592,-28.9300,-0.0400,31.8400
10.8954,10.6677,-28.5800,-0.1000,31.9800
10.9056,10.7758,-28.2300,0.1000,31.9600
10.9451,11.1903,-26.8300,0.2300,31.9900
10.9553,11.2965,-26.4800,0.0700,31.7900
10.9654,11.4014,-26.1300,0.0400,31.8500
10.9756,11.5065,-25.7800,-0.0500,31.9300
10.9858,11.6110,-25.4300,0.1000,31.9900
10.9960,11.7150,-25.0800,0.1600,31.8600
11.0062,11.8186,-24.7300,0.0900,31.9000
11.0490,12.2482,-22.9700,0.0000,31.9000
11.0593,12.3503,-22.6200,0.0500,31.8900
11.0695,12.4504,-22.2700,0.2100,31.8900
11.0796,12.5497,-21.9200,-0.1200,31.8900
11.0897,12.6485,-21.5700,0.0300,31.8500
11.0998,12.7467,-21.2200,-0.0700,31.8800
11.1099,12.8445,-20.8700,0.0500,31.8700
11.1488,13.2148,-19.4700,-0.0900,31.8700
11.1590,13.3108,-19.1200,-0.3600,31.8400
11.1692,13.4059,-18.7700,0.1400,31.9400
11.1794,13.5014,-18.4200,-0.0300,31.8800
11.1896,13.5949,-18.0700,0.0300,31.8200
11.1998,13.6888,-17.7200,-0.2500,31.8200
11.2100,13.7825,-17.3700,0.3500,32.0300
11.2202,13.8745,-17.0200,0.3000,31.8700
11.2303,13.9664,-16.6700,0.1200,31.8500
11.2406,14.0582,-16.3200,-0.1600,31.8100
11.2507,14.1485,-15.9600,0.4100,32.0200
11.2611,14.2407,-15.6200,0.4900,31.9600
11.2714,14.3314,-15.2700,0.2100,31.8300
11.2818,14.4216,-14.9200,-0.1000,31.8000
11.2920,14.5107,-14.5600,0.0300,32.0400
11.3022,14.5981,-14.2100,0.4700,31.9900
11.3418,14.9342,-12.8100,0.2900,32.0600
11.3523,15.0210,-12.4600,0.2200,31.8700
11.3624,15.1048,-12.1100,-0.0600,31.7600
11.3725,15.1880,-11.7600,-0.6900,31.8800
11.3829,15.2725,-11.4100,0.0500,32.0500
11.3931,15.3548,-11.0600,0.2100,31.9300
11.4033,15.4366,-10.7100,0.0100,31.7400
11.4439,15.7559,-9.3100,0.1100,31.7800
11.4542,15.8352,-8.9600,-0.3000,31.7100
11.4644,15.9130,-8.6000,-0.1300,32.0600
11.4745,15.9899,-8.2500,0.4600,32.0900
11.4848,16.0670,-7.9000,0.2800,31.8400
11.4949,16.1426,-7.5500,-0.1500,31.6700
11.5051,16.2176,-7.2000,-0.2000,32.0500
11.5439,16.4985,-5.8000,-0.2100,31.9200
11.5541,16.5708,-5.4500,0.1000,32.1200
11.5643,16.6419,-5.1000,0.3700,31.9500
11.5745,16.7127,-4.7500,0.1600,31.6900
11.5846,16.7823,-4.4000,-0.2200,31.8200
11.5948,16.8512,-4.0400,-0.0700,32.0500
11.6049,16.9194,-3.6900,0.2400,32.0300
11.6439,17.1759,-2.2900,0.1000,32.0300
11.6542,17.2416,-1.9400,0.0000,31.7900
11.6645,17.3070,-1.6000,0.0300,31.6200
11.6747,17.3710,-1.2400,-0.1700,31.9400
11.6851,17.4350,-0.8900,-0.0700,32.0700
11.6954,17.4979,-0.5400,0.0600,31.8500
11.7057,17.5604,-0.1900,-0.0200,31.5900
11.7461,17.7977,1.2000,-0.0200,31.6300
11.7563,17.8560,1.5500,-0.0200,31.8500
11.7665,17.9131,1.9000,-0.0400,32.0700
11.7766,17.9693,2.2500,0.1600,32.0200
11.7868,18.0250,2.6000,-0.0300,31.7200
11.7969,18.0798,2.9500,-0.0200,31.8300
11.8070,18.1338,3.3000,-0.0600,32.0100
11.8509,18.3596,5.0600,0.0700,32.0400
11.8612,18.4105,5.4000,0.1400,31.8700
11.8714,18.4601,5.7500,-0.0900,31.7500
11.8815,18.5088,6.1100,-0.0800,31.8800
11.8917,18.5568,6.4600,-0.0200,32.0200
11.9019,18.6041,6.8100,0.1500,31.9100
11.9440,18.7921,8.2100,0.0400,31.9600
11.9543,18.8359,8.5600,-0.0700,31.7500
11.9645,18.8785,8.9100,-0.0900,31.8400
11.9746,18.9201,9.2600,-0.1500,31.9500
11.9852,18.9629,9.6100,0.1400,31.9600
11.9954,19.0032,9.9600,0.0000,31.7700
12.0056,19.0427,10.3100,0.0100,31.8800
12.0453,19.1893,11.7100,0.1200,31.8800
12.0555,19.2252,12.0600,-0.0100,31.9000
12.0657,19.2598,12.4100,0.0300,31.9500
12.0758,19.2938,12.7600,0.1600,31.8700
12.0860,19.3272,13.1200,0.1100,31.9300
12.0961,19.3595,13.4700,0.0200,31.8800
12.1062,19.3910,13.8200,0.0000,31.9400
12.1491,19.5159,15.5700,0.0700,31.8800
12.1595,19.5441,15.9200,-0.2400,31.9000
12.1697,19.5709,16.2700,0.1100,31.8800
12.1800,19.5970,16.6200,-0.0700,31.8500
12.1902,19.6224,16.9700,-0.0700,31.8300
12.2004,19.6466,17.3200,-0.3800,31.8500
12.2428,19.7394,18.7200,-0.4200,31.8300
12.2530,19.7597,19.0700,0.2200,31.9900
12.2634,19.7794,19.4200,0.1000,31.9000
12.2737,19.7981,19.7700,0.0500,31.8100
12.2839,19.8159,20.1200,-0.3300,31.8100
12.2940,19.8328,20.4800,0.3100,32.0600
12.3042,19.8488,20.8200,0.3900,31.9200
12.3457,19.9061,22.2300,0.5500,32.0100
12.3560,19.9182,22.5800,0.3000,31.8300
12.3663,19.9294,22.9300,-0.0500,31.7700
12.3765,19.9398,23.2800,-0.1900,32.0200
12.3869,19.9495,23.6300,0.4600,32.0300
12.3970,19.9581,23.9800,0.3700,31.8900
12.4072,19.9660,24.3300,0.0100,31.7500
12.4497,19.9900,26.0800,-0.6100,31.8200
12.4599,19.9937,26.4400,-0.0800,32.0700
12.4701,19.9965,26.7800,0.1700,31.9900
12.4803,19.9985,27.1300,0.0200,31.7400
12.4905,19.9996,27.4800,-0.3800,31.7100
12.5006,20.0000,27.8400,-0.1600,32.0800
12.5430,19.9927,29.2400,-0.1500,32.0100
12.5533,19.9888,29.5900,0.4100,32.1000
12.5635,19.9841,29.9400,0.3500,31.8700
12.5736,19.9786,30.2900,-0.0700,31.6500
12.5839,19.9722,30.6400,-0.1700,31.9900
12.5941,19.9651,30.9900,0.1500,32.1000
12.6042,19.9572,31.3400,0.3500,31.9600
12.6431,19.9192,32.7400,0.4000,31.9900
12.6533,19.9073,33.0900,0.1400,31.7200
12.6634,19.8946,33.4400,-0.1300,31.7600
12.6736,19.8811,33.8000,-0.1200,32.0200
12.6838,19.8668,34.1500,0.1700,32.0500
12.6939,19.8517,34.4900,0.0900,31.7600
12.7041,19.8358,34.8400,0.0800,31.6400
12.7430,19.7673,36.2400,0.1400,31.6200
12.7532,19.7474,36.6000,-0.0800,31.9100
12.7633,19.7268,36.9500,-0.0800,32.0700
12.7735,19.7055,37.3000,0.0900,31.9100
12.7837,19.6831,37.6500,-0.0200,31.6100
12.7939,19.6599,38.0000,-0.1100,31.8800
12.8043,19.6355,38.3500,-0.0100,32.0200
12.8457,19.5302,39.7500,-0.0500,32.0300
12.8560,19.5019,40.1000,0.1400,32.0200
12.8662,19.4730,40.4500,0.0200,31.7500
12.8765,19.4431,40.8000,0.0000,31.8200
12.8866,19.4128,41.1500,-0.0700,31.9700
12.8968,19.3816,41.5000,0.1400,32.0700
12.9070,19.3495,41.8500,0.3000,31.8500
12.9494,19.2081,43.6000,-0.0700,31.7700
12.9597,19.1716,43.9600,-0.0400,31.8500
12.9698,19.1350,44.3100,-0.0400,31.9900
12.9800,19.0975,44.6600,0.1500,31.9200
12.9901,19.0593,45.0100,-0.0300,31.7400
13.0003,19.0200,45.3600,-0.0800,31.8700
13.0416,18.8533,46.7600,-0.0800,31.8500
13.0518,18.8100,47.1100,-0.1200,31.9200
13.0619,18.7664,47.4600,0.1200,31.9500
13.0720,18.7220,47.8100,0.0000,31.8000
13.0822,18.6767,48.1600,0.1000,31.9100
13.0924,18.6305,48.5100,-0.0100,31.8700
13.1026,18.5836,48.8600,0.1100,31.9500
13.1423,18.3934,50.2600,0.0300,31.9000
13.1526,18.3423,50.6100,0.2000,31.8700
13.1629,18.2903,50.9700,0.1800,31.9600
13.1730,18.2383,51.3100,0.0800,31.8800
13.1833,18.1851,51.6700,-0.0200,31.9000
13.1935,18.1313,52.0200,0.1200,31.8800
13.2037,18.0764,52.3700,-0.0900,31.9300
13.2451,17.8479,53.7700,-0.3500,31.8900
13.2554,17.7895,54.1200,0.1200,31.9200
13.2656,17.7300,54.4700,-0.0300,31.8500
13.2758,17.6707,54.8200,-0.0800,31.7900
13.2859,17.6106,55.1700,-0.4800,31.8500
13.2961,17.5499,55.5200,0.1100,31.9900
13.3063,17.4880,55.8700,0.0400,31.8400
13.3181,17.4154,56.2200,-0.0900,31.8100
13.3283,17.3520,56.5700,-0.4500,31.8100
13.3385,17.2881,57.2700,0.2800,31.9300
13.3487,17.2230,57.6200,0.0800,31.8000
13.3589,17.1575,57.9700,-0.3300,31.7700
13.3690,17.0918,58.3300,0.1500,32.0900
13.3792,17.0254,58.6800,0.4500,31.9800
13.3893,16.9583,59.0200,0.1600,31.8400
13.3996,16.8889,59.3700,-0.1700,31.7600
13.4100,16.8186,59.7300,-0.0500,32.0600
13.4204,16.7475,60.0800,0.6300,32.0600
13.4307,16.6768,60.4300,0.3800,31.8600
13.4408,16.6062,60.7800,0.0400,31.7400
13.4510,16.5347,61.1300,-0.3800,31.9900
13.4612,16.4624,61.4800,0.3200,32.0600
13.4715,16.3885,61.8300,0.3700,31.9300
13.4816,16.3153,62.1800,0.0000,31.7300
13.4919,16.2398,62.5300,-0.5400,31.8500
13.5021,16.1649,62.8800,0.0400,32.1000
13.5412,15.8707,64.2900,-0.1800,32.0700
13.5516,15.7904,64.6400,0.1700,32.0300
13.5618,15.7118,64.9900,0.1000,31.7600
13.5719,15.6328,65.3400,-0.2200,31.6600
13.5821,15.5528,65.6900,-0.2000,32.0500
13.5923,15.4721,66.0400,0.2100,32.0500
13.6024,15.3908,66.3900,0.3300,31.8400
13.6444,15.0487,67.7900,0.3200,31.9000
13.6547,14.9633,68.1400,-0.0200,31.6300
13.6648,14.8786,68.4900,-0.1000,31.9100
13.6750,14.7928,68.8400,0.0700,32.0900
13.6852,14.7060,69.1900,0.3800,32.0100
13.6954,14.6190,69.5400,0.1900,31.6900
13.7057,14.5302,69.8900,0.0300,31.8000
13.7488,14.1530,71.6400,-0.0700,31.9800
13.7591,14.0612,72.0000,0.1400,32.0600
13.7694,13.9687,72.3400,0.1100,31.7900
13.7795,13.8773,72.6900,0.1500,31.6300
13.7897,13.7846,73.0500,-0.0500,31.9400
13.7999,13.6917,73.4000,-0.0200,32.0400
13.8101,13.5981,73.7500,0.0600,31.8900
13.8203,13.5037,74.0900,0.0400,31.6200
13.8305,13.4090,74.4500,-0.0800,31.8700
13.8406,13.3145,74.8000,-0.0600,32.0600
13.8507,13.2194,75.1500,0.1900,31.9500
13.8608,13.1239,75.5000,0.0200,31.6500
13.8710,13.0275,75.8500,-0.0300,31.8600
13.8811,12.9306,76.2000,0.0100,32.0000
13.8913,12.8329,76.5500,0.2400,32.0100
13.9014,12.7351,76.9000,0.0400,31.7200
13.9430,12.3273,78.3000,0.1600,31.8000
13.9534,12.2246,78.6500,0.0000,31.8300
13.9637,12.1218,79.0000,-0.0400,31.9200
13.9739,12.0191,79.3500,0.1200,32.0400
13.9842,11.9159,79.7000,0.3000,31.8900
13.9943,11.8135,80.0500,0.0300,31.7900
14.0045,11.7097,80.4000,-0.0700,31.9200
14.0455,11.2886,81.8100,0.0000,31.8400
14.0557,11.1819,82.1600,-0.0100,31.9400
14.0661,11.0741,82.5100,0.1400,31.9200
14.0763,10.9670,82.8600,-0.0500,31.7700
14.0866,10.8587,83.2100,-0.0800,31.8600
14.0967,10.7515,83.5600,-0.1400,31.8800
14.1069,10.6435,83.9100,0.0000,31.9300
14.1459,10.2248,85.3100,0.1100,31.9200
14.1562,10.1137,85.6600,-0.0100,31.8100
14.1664,10.0033,86.0100,0.2300,31.9400
14.1765,9.8925,86.3600,0.0400,31.8600
14.1873,9.7750,86.7100,0.0800,31.9200
14.1974,9.6638,87.0600,0.0200,31.8500
14.2075,9.5520,87.4100,0.3800,31.9600
14.2551,9.0226,89.1600,-0.3300,31.3000
14.2654,8.9070,89.4900,-0.8400,30.3800
14.2755,8.7926,89.7900,-15.5600,27.8200
14.2858,8.6770,89.9900,-8.4900,20.1300
14.2959,8.5618,90.1100,-5.7600,12.3400
14.3061,8.4467,90.1400,-12.7400,4.5400
14.3461,7.9883,89.4900,0.0000,-17.9400
14.3563,7.8706,89.3000,-1.6400,-17.8200
14.3664,7.7537,89.0700,-3.6800,-20.3500
14.3765,7.6364,88.8000,-3.8200,-23.9900
14.3866,7.5185,88.4800,-2.2500,-28.0700
14.3971,7.3967,88.1300,-0.4200,-30.5700
14.4073,7.2768,87.7900,-0.2700,-31.3900
14.4499,6.7758,86.0400,0.0800,-31.8300
14.4602,6.6544,85.6900,-0.0200,-31.8800
14.4704,6.5331,85.3400,0.0900,-31.8500
14.4807,6.4105,84.9900,-0.1000,-31.8500
14.4909,6.2889,84.6400,0.2400,-31.8600
14.5012,6.1657,84.2800,0.0100,-31.8900
14.5458,5.6302,82.8800,-0.3600,-31.9400
14.5561,5.5062,82.5300,0.0800,-31.8100
14.5663,5.3834,82.1800,0.0200,-31.8500
14.5764,5.2608,81.8300,0.1400,-31.9100
14.5865,5.1377,81.4800,-0.5600,-31.9900
14.5967,5.0143,81.1300,-0.0600,-31.8400
14.6069,4.8895,80.7800,0.0800,-31.8800
14.6507,4.3538,79.0200,0.1800,-31.9800
14.6610,4.2274,78.6700,-0.4600,-32.0900
14.6712,4.1023,78.3200,-0.5400,-31.9500
14.6814,3.9767,77.9700,0.2100,-31.8600
14.6916,3.8511,77.6200,0.2900,-31.9100
14.7018,3.7260,77.2700,0.2100,-32.0900
14.7490,3.1417,75.5100,-0.7500,-32.1200
14.7593,3.0138,75.1600,0.0900,-31.9000
14.7694,2.8880,74.8100,0.3200,-31.8500
14.7795,2.7616,74.4600,0.7500,-32.0500
14.7897,2.6351,74.1000,-1.1000,-32.2400
14.7998,2.5086,73.7500,-0.4000,-31.9900
14.8100,2.3824,73.4000,0.1500,-31.9000
14.8508,1.8727,71.9900,-0.1300,-31.8900
14.8610,1.7449,71.6400,0.3200,-31.9700
14.8711,1.6182,71.2900,0.2400,-32.2400
14.8813,1.4906,70.9300,-1.0400,-32.1800
14.8914,1.3631,70.5800,0.0000,-31.9500
14.9018,1.2334,70.2300,0.2200,-31.8600
14.9442,0.7011,68.8200,0.2800,-31.8400
14.9544,0.5726,68.4700,0.8300,-31.9700
14.9646,0.4447,68.1100,-0.4100,-32.2900
14.9748,0.3166,67.7600,-0.3400,-32.0500
14.9850,0.1883,67.4100,-0.0300,-31.8100
14.9952,0.0599,67.0600,0.3100,-31.8900
15.0054,-0.0680,66.7100,-0.0700,-32.2400
15.0484,-0.6080,65.3000,0.2200,-32.1600
15.0587,-0.7370,64.6000,-0.3900,-31.8800
15.0689,-0.8652,64.2500,0.0400,-31.7600
15.0791,-0.9936,63.9000,0.4800,-31.9900
15.0892,-1.1209,63.5500,-0.2500,-32.1400
15.0994,-1.2480,63.2000,-0.1600,-31.9200
15.1096,-1.3759,62.8500,-0.0400,-31.7100
15.1538,-1.9293,61.4500,-0.0500,-31.7300
15.1640,-2.0568,61.1000,0.3700,-31.7100
15.1742,-2.1844,60.7400,0.1100,-32.0400
15.1844,-2.3117,60.3900,-0.0100,-31.9600
15.1948,-2.4423,60.0500,0.0200,-31.7500
15.2051,-2.5698,59.7000,0.2200,-31.6900
15.2510,-3.1412,57.9400,0.0300,-31.9800
15.2613,-3.2687,57.5900,-0.0500,-31.9900
15.2715,-3.3950,57.2400,-0.2600,-31.8700
15.2817,-3.5211,56.8900,-0.0100,-31.7400
15.2919,-3.6474,56.5400,0.0800,-31.9100
15.3020,-3.7729,56.1900,-0.1000,-31.9700
15.3456,-4.3094,54.7900,0.0000,-31.9400
15.3559,-4.4348,54.4400,-0.1500,-31.9100
15.3660,-4.5584,54.0900,-0.1300,-31.8200
15.3761,-4.6824,53.7400,0.0800,-31.8100
15.3863,-4.8063,53.3900,0.0100,-31.9100
15.3964,-4.9298,53.0400,0.0600,-31.9100
15.4065,-5.0533,52.6900,-0.1700,-31.8300
15.4483,-5.5591,51.2900,-0.0200,-31.8800
15.4588,-5.6856,50.5900,0.0400,-31.8900
15.4691,-5.8098,50.2400,0.1400,-31.8500
15.4792,-5.9315,49.8900,-0.0200,-31.8500
15.4894,-6.0535,49.5400,0.1300,-31.8300
15.4996,-6.1761,49.1900,-0.1100,-31.9100
15.5098,-6.2973,48.8400,-0.0100,-31.8300
15.5527,-6.8072,47.4400,0.0300,-31.8400
15.5630,-6.9287,47.0900,-0.0600,-31.8700
15.5732,-7.0480,46.7400,0.0000,-31.9200
15.5834,-7.1677,46.3800,-0.4900,-32.0000
15.5935,-7.2870,46.0300,-0.2600,-31.8600
15.6040,-7.4092,45.6800,0.0800,-31.8800
15.6468,-7.9055,44.2800,0.1300,-31.8300
15.6571,-8.0245,43.9300,0.1800,-31.9400
15.6673,-8.1416,43.5800,0.1600,-32.0100
15.6775,-8.2585,43.2300,-0.4400,-31.9400
15.6876,-8.3746,42.8800,0.2000,-31.8300
15.6977,-8.4899,42.5300,0.3100,-31.8700
15.7079,-8.6056,42.1700,0.4600,-32.0300
15.7532,-9.1156,40.4200,-1.0300,-32.1700
15.7636,-9.2314,40.0700,-0.0800,-31.9100
15.7737,-9.3442,39.7200,0.1500,-31.8500
15.7838,-9.4565,39.3600,0.5500,-32.0200
15.7939,-9.5683,39.0100,-1.0700,-32.2100
15.8042,-9.6810,38.6600,-0.5400,-31.9800
15.8459,-10.1366,37.2500,-0.8500,-32.1000
15.8562,-10.2478,36.9000,-0.0200,-31.9000
15.8664,-10.3572,36.5500,0.4200,-31.9600
15.8766,-10.4667,36.1900,0.7800,-32.1900
15.8867,-10.5751,35.8400,-0.9000,-32.2000
15.8969,-10.6833,35.4900,0.0400,-31.9600
15.9070,-10.7907,35.1400,0.2800,-31.8600
15.9498,-11.2400,33.3800,0.4800,-31.9300
15.9601,-11.3461,33.0200,-0.6100,-32.3000
15.9702,-11.4506,32.6700,-0.5800,-32.0800
15.9804,-11.5551,32.3200,-0.1700,-31.8300
15.9905,-11.6586,31.9700,0.2400,-31.8800
16.0007,-11.7623,31.6200,0.0700,-32.2400
16.0419,-12.1772,30.2100,0.5400,-32.1500
16.0521,-12.2787,29.8600,-0.5300,-32.1700
16.0622,-12.3793,29.5100,-0.3000,-31.9200
16.0725,-12.4802,29.1600,0.0400,-31.7900
16.0827,-12.5804,28.8100,0.6500,-31.9400
16.0928,-12.6790,28.4500,-0.1600,-32.1500
16.1031,-12.7780,28.1000,-0.2300,-31.9500
16.1483,-13.2098,26.3500,0.0700,-31.7500
16.1586,-13.3067,26.0000,0.2400,-31.6900
16.1688,-13.4021,25.6500,0.0200,-32.0800
16.1791,-13.4979,25.3000,-0.1500,-32.0200
16.1894,-13.5931,24.9500,-0.1900,-31.7900
16.1996,-13.6874,24.6000,0.0900,-31.7000
16.2097,-13.7798,24.2500,0.1400,-32.0000
16.2527,-14.1657,22.8500,0.1200,-31.9500
16.2629,-14.2566,22.4900,-0.1400,-32.0100
16.2732,-14.3470,22.1500,-0.3200,-31.8900
16.2834,-14.4359,21.8000,-0.1600,-31.7400
16.2937,-14.5252,21.4500,0.1000,-31.8500
16.3040,-14.6133,21.0900,-0.0400,-31.9900
16.3502,-15.0039,19.3400,-0.0200,-31.9200
16.3606,-15.0902,18.9900,-0.1000,-31.8300
16.3710,-15.1754,18.6500,0.0700,-31.7400
16.3812,-15.2586,18.2900,0.0600,-31.9200
16.3914,-15.3410,17.9400,0.0500,-31.9200
16.4016,-15.4229,17.5900,0.0200,-31.8300
16.4553,-15.8442,15.8400,0.0900,-31.7500
16.4657,-15.9231,15.4900,-0.0800,-31.9100
16.4762,-16.0031,15.1400,0.0900,-31.8800
16.4867,-16.0816,14.7900,-0.1000,-31.8900
16.4969,-16.1577,14.4400,0.0500,-31.8400
16.5072,-16.2330,14.0900,-0.0900,-31.9200
16.5535,-16.5666,12.3400,-0.0900,-31.8600
16.5642,-16.6414,11.9900,-0.0600,-31.8700
16.5747,-16.7140,11.6400,-0.0600,-31.9200
16.5854,-16.7874,11.2900,-0.0800,-31.9400
16.5957,-16.8573,10.9400,-0.1200,-31.8700
16.6062,-16.9284,10.5900,0.2100,-31.8600
16.6492,-17.2100,8.8300,0.2800,-31.9000
16.6595,-17.2751,8.4800,0.3700,-31.9400
16.6696,-17.3388,8.1300,-0.2300,-31.9700
16.6798,-17.4024,7.7800,0.2300,-31.8100
16.6900,-17.4650,7.4300,0.3000,-31.8600
16.7001,-17.5266,7.0800,0.5000,-31.9900
16.7423,-17.7762,5.6800,0.3900,-31.9600
16.7526,-17.8351,5.3200,-1.0900,-32.1500
16.7627,-17.8923,4.9700,-0.2200,-31.9100
16.7729,-17.9489,4.6200,0.1200,-31.8500
16.7831,-18.0049,4.2700,0.3700,-32.0000
16.7932,-18.0602,3.9200,-0.7100,-32.2000
16.8040,-18.1177,3.5700,-0.7400,-32.0000
16.8158,-18.1802,3.2200,0.1400,-31.8800
16.8261,-18.2337,2.8600,0.4300,-31.9300
16.8363,-18.2862,2.5100,-0.0300,-32.2100
16.8465,-18.3374,2.1600,-0.6900,-32.1000
16.8566,-18.3881,1.8100,0.0700,-31.8900
16.8668,-18.4380,1.4600,0.4500,-31.9400
16.8770,-18.4870,1.1000,1.0300,-32.1100
16.8871,-18.5352,0.7500,-0.7200,-32.1800
16.8973,-18.5828,0.4000,0.0600,-31.9400
16.9075,-18.6299,0.0500,0.2800,-31.8300
16.9487,-18.8123,-1.7000,0.4100,-31.9400
16.9592,-18.8565,-2.0600,-0.5500,-32.3300
16.9698,-18.9002,-2.4100,-0.7100,-32.1400
16.9800,-18.9419,-2.7600,-0.1500,-31.8700
16.9902,-18.9826,-3.1100,0.2600,-31.9100
17.0004,-19.0226,-3.4700,0.3200,-32.2400
17.0444,-19.1862,-4.8700,0.9300,-32.0900
17.0547,-19.2224,-5.2300,-0.3200,-32.1900
17.0649,-19.2574,-5.5700,-0.2500,-31.9500
17.0751,-19.2915,-5.9300,0.1100,-31.7800
17.0853,-19.3250,-6.2800,0.7700,-31.8800
17.0956,-19.3577,-6.6300,-0.0200,-32.1900
17.1057,-19.3893,-6.9800,-0.1100,-32.0000
17.1468,-19.5096,-8.3900,-0.3500,-32.0500
17.1571,-19.5375,-8.7400,-0.1100,-31.8200
17.1673,-19.5647,-9.0900,0.1300,-31.7200
17.1775,-19.5908,-9.4400,0.0700,-32.1000
17.1877,-19.6162,-9.7900,-0.2800,-32.0600
17.1979,-19.6409,-10.1400,-0.3600,-31.8300
17.2082,-19.6647,-10.4900,0.0700,-31.7200
17.2506,-19.7549,-12.2400,0.1700,-31.8900
17.2610,-19.7750,-12.5900,0.0300,-32.0300
17.2713,-19.7939,-12.9400,-0.1700,-31.9200
17.2818,-19.8123,-13.2900,-0.0500,-31.7600
17.2921,-19.8297,-13.6400,0.2400,-31.7800
17.3025,-19.8463,-13.9900,0.0600,-32.0000
17.3456,-19.9059,-15.3900,0.1700,-31.9500
17.3560,-19.9182,-15.7400,0.0600,-31.9400
17.3663,-19.9295,-16.0900,0.0500,-31.8300
17.3766,-19.9399,-16.4400,0.1300,-31.6800
17.3869,-19.9495,-16.7900,0.0400,-31.9300
17.3971,-19.9582,-17.1400,0.1000,-31.9400
17.4075,-19.9662,-17.4900,-0.0800,-31.8400
17.4523,-19.9910,-19.2400,0.0100,-31.7700
17.4627,-19.9945,-19.6000,0.0300,-31.9400
17.4730,-19.9971,-19.9500,0.0500,-31.9100
17.4831,-19.9989,-20.3000,-0.1400,-31.9100
17.4933,-19.9998,-20.6500,-0.1000,-31.8600
17.5035,-20.0000,-21.0000,-0.0100,-31.9000
17.5493,-19.9904,-22.7500,0.0300,-31.8700
17.5596,-19.9860,-23.1000,0.0500,-31.8500
17.5698,-19.9808,-23.4500,-0.1400,-31.8900
17.5800,-19.9748,-23.8000,0.0800,-31.8600
17.5903,-19.9678,-24.1500,-0.0500,-31.8800
17.6004,-19.9602,-24.5000,0.1000,-31.8200
17.6419,-19.9205,-25.9000,0.0700,-31.8100
17.6522,-19.9087,-26.2500,0.2600,-31.8900
17.6623,-19.8960,-26.6000,0.2700,-31.9000
17.6725,-19.8826,-26.9600,-0.5900,-32.0000
17.6826,-19.8685,-27.3100,0.0100,-31.8100
17.6928,-19.8535,-27.6500,0.0500,-31.8400
17.7029,-19.8377,-28.0100,0.2400,-31.9500
17.7147,-19.8182,-28.3600,-0.7300,-32.0500
17.7249,-19.8006,-28.7100,-0.1700,-31.8600
17.7351,-19.7821,-29.0600,0.1500,-31.8800
17.7453,-19.7628,-29.4100,0.2200,-31.9500
17.7556,-19.7427,-29.7600,-0.8900,-32.1500
17.7657,-19.7219,-30.1100,-0.4600,-31.9400
17.7759,-19.7002,-30.4600,0.0300,-31.8500
17.7861,-19.6778,-30.8100,0.3800,-31.9900
17.7963,-19.6545,-31.1700,-0.2800,-32.1500
17.8064,-19.6305,-31.5200,-0.7100,-32.0200
17.8488,-19.5217,-33.2700,0.0400,-31.8600
17.8590,-19.4934,-33.6300,0.4700,-31.8800
17.8691,-19.4645,-33.9800,1.0100,-32.0200
17.8793,-19.4346,-34.3300,-0.9600,-32.1900
17.8895,-19.4040,-34.6800,-0.0400,-31.9500
17.8998,-19.3724,-35.0300,0.2300,-31.8400
17.9101,-19.3398,-35.3900,0.6600,-32.0300
17.9203,-19.3067,-35.7400,-0.8500,-32.3000
17.9305,-19.2729,-36.0900,-0.5300,-32.0700
17.9407,-19.2382,-36.4400,0.0500,-31.9200
17.9509,-19.2027,-36.8000,0.3500,-31.9600
17.9611,-19.1667,-37.1500,-0.2600,-32.3300
17.9712,-19.1297,-37.5000,-0.8400,-32.1700
17.9814,-19.0922,-37.8500,-0.1900,-31.9100
17.9915,-19.0537,-38.2100,0.2700,-31.9200
18.0017,-19.0146,-38.5600,0.8100,-32.1700
18.0437,-18.8445,-39.9700,0.9900,-32.0200
18.0539,-18.8009,-40.3200,-0.2000,-32.2300
18.0642,-18.7566,-40.6700,-0.1800,-31.9800
18.0743,-18.7121,-41.0200,0.2100,-31.8100
18.0846,-18.6660,-41.3700,0.5200,-31.8700
18.0949,-18.6190,-41.7300,-0.2100,-32.2600
18.1051,-18.5721,-42.0800,-0.3800,-32.0700
18.1477,-18.3664,-43.4800,-0.4600,-32.1100
18.1580,-18.3151,-43.8300,-0.2600,-31.8600
18.1681,-18.2635,-44.1800,0.0400,-31.7200
18.1783,-18.2109,-44.8900,-0.4000,-32.1100
18.1885,-18.1578,-45.2400,-0.3800,-31.8800
18.1986,-18.1041,-45.5900,0.0000,-31.7400
18.2087,-18.0496,-45.9400,0.4100,-31.9200
18.2556,-17.7879,-47.3400,0.2800,-31.8100
18.2658,-17.7288,-47.6900,0.0900,-32.0300
18.2760,-17.6692,-48.0400,-0.1100,-31.9400
18.2863,-17.6082,-48.3900,-0.0800,-31.7500
18.2965,-17.5471,-48.7400,0.2700,-31.7000
18.3068,-17.4850,-49.0900,0.1400,-32.0000
18.3522,-17.2006,-50.8400,-0.0500,-31.9600
18.3625,-17.1344,-51.1900,-0.1100,-31.8600
18.3729,-17.0669,-51.5400,0.0200,-31.6800
18.3831,-16.9992,-51.8900,0.0000,-31.9500
18.3936,-16.9296,-52.2400,0.0800,-31.9700
18.4038,-16.8610,-52.5900,-0.1900,-31.8900
18.4501,-16.5409,-54.3400,-0.1000,-31.8000
18.4608,-16.4650,-54.6900,0.0200,-31.8900
18.4711,-16.3910,-55.0500,0.0100,-31.9200
18.4814,-16.3169,-55.4000,-0.1500,-31.9100
18.4916,-16.2425,-55.7500,-0.1000,-31.8700
18.5017,-16.1675,-56.1000,0.0800,-31.8300
18.5477,-15.8207,-57.5000,0.0900,-31.8400
18.5579,-15.7417,-57.8500,0.0300,-31.8700
18.5681,-15.6629,-58.2000,0.0200,-31.8500
18.5782,-15.5832,-58.9000,0.2000,-31.8200
18.5883,-15.5033,-59.2500,-0.0700,-31.9000
18.5985,-15.4226,-59.6000,0.1200,-31.8300
18.6086,-15.3413,-59.9500,0.0400,-31.8600
18.6514,-14.9904,-61.3500,0.0900,-31.8900
18.6616,-14.9053,-61.7000,0.0700,-31.8700
18.6718,-14.8198,-62.0500,-0.5900,-32.0100
18.6819,-14.7338,-62.4000,0.0000,-31.8500
18.6922,-14.6467,-62.7500,-0.0100,-31.8500
18.7023,-14.5597,-63.1000,0.1100,-31.9600
18.7443,-14.1927,-64.5100,0.1400,-31.9300
18.7547,-14.1002,-64.8600,-0.3500,-32.1100
18.7649,-14.0095,-65.2100,-0.4100,-31.9500
18.7751,-13.9177,-65.5600,0.0800,-31.8400
18.7852,-13.8256,-65.9100,0.2800,-31.9500
18.7955,-13.7324,-66.2600,0.2500,-32.0500
18.8056,-13.6394,-66.6100,-0.6200,-32.0100
18.8174,-13.5306,-66.9600,0.1200,-31.8400
18.8276,-13.4359,-67.3200,0.3000,-31.8600
18.8378,-13.3408,-67.6700,0.7400,-32.0500
18.8479,-13.2457,-68.0200,-0.7500,-32.1100
18.8581,-13.1499,-68.7200,0.3600,-31.8900
18.8683,-13.0527,-69.0800,0.6300,-32.0100
18.8785,-12.9553,-69.4300,-1.2300,-32.2500
18.8887,-12.8578,-69.7800,-0.3800,-31.9800
18.8988,-12.7600,-70.1300,0.0800,-31.8600
18.9089,-12.6620,-70.4800,0.4500,-32.0200
18.9507,-12.2513,-71.8900,0.3000,-31.9200
18.9609,-12.1492,-72.2400,0.1700,-32.2500
18.9711,-12.0473,-72.6000,-0.7600,-32.1700
18.9814,-11.9441,-72.9500,-0.0700,-31.9200
18.9916,-11.8406,-73.3000,0.2800,-31.8900
19.0018,-11.7378,-73.6500,1.0800,-32.0900
19.0425,-11.3198,-75.0600,0.8300,-32.0100
19.0528,-11.2122,-75.4200,-0.3900,-32.2900
19.0631,-11.1054,-75.7600,-0.4600,-32.0500
19.0733,-10.9985,-76.1200,0.0600,-31.8600
19.0835,-10.8909,-76.4700,0.2900,-31.8600
19.0937,-10.7834,-76.8200,-0.2200,-32.2800
19.1038,-10.6760,-77.1700,-0.5800,-32.1200
19.1464,-10.2193,-78.5800,-0.7300,-32.1600
19.1567,-10.1081,-78.9300,-0.3200,-31.9200
19.1669,-9.9976,-79.2800,0.0200,-31.7500
19.1770,-9.8873,-79.6300,0.6400,-32.0400
19.1872,-9.7762,-79.9800,-0.1500,-32.1500
19.1973,-9.6649,-80.3300,-0.2600,-31.9300
19.2074,-9.5530,-80.6800,-0.0700,-31.7500
19.2514,-9.0645,-82.4400,0.3200,-31.7400
19.2618,-8.9479,-82.7900,0.0500,-32.0400
19.2719,-8.8333,-83.1400,-0.2000,-31.9700
19.2821,-8.7181,-83.4900,-0.0300,-31.7800
19.2923,-8.6031,-83.8400,0.4200,-31.5300
19.3024,-8.4881,-84.1600,19.3700,-29.9400
19.3458,-7.9912,-84.6500,1.7500,-6.4200
19.3561,-7.8725,-84.6900,1.2700,-4.6400
19.3664,-7.7534,-84.6800,9.0500,0.4600
19.3766,-7.6352,-84.5700,7.9300,7.7900
19.3871,-7.5133,-84.3900,5.8000,15.2100
19.3975,-7.3921,-84.1400,3.5300,20.8800
19.4078,-7.2718,-83.8500,3.6400,25.6700
19.4485,-6.7922,-82.1200,0.2100,31.9400
19.4588,-6.6708,-81.7800,0.0200,31.7400
19.4690,-6.5491,-81.4200,-0.3700,31.7200
19.4792,-6.4282,-81.0700,-0.1500,32.1000
19.4893,-6.3076,-80.7200,0.3100,32.0400
19.4996,-6.1848,-80.3700,0.2900,31.8200
19.5098,-6.0627,-80.0200,-0.1500,31.6800
19.5493,-5.5880,-78.6200,-0.0400,31.6500
19.5597,-5.4621,-78.2700,-0.1600,31.9900
19.5699,-5.3395,-77.9200,0.2200,32.0900
19.5801,-5.2162,-77.5700,0.4600,31.9600
19.5902,-5.0927,-77.2200,0.2100,31.6700
19.6004,-4.9686,-76.8700,-0.0800,31.8500
19.6415,-4.4667,-75.4700,-0.1400,31.7600
19.6517,-4.3417,-75.1100,-0.0900,32.0400
19.6620,-4.2159,-74.7600,0.2300,32.0500
19.6721,-4.0909,-74.4100,0.0600,31.7700
19.6823,-3.9658,-74.0600,0.0700,31.6500
19.6925,-3.8402,-73.7100,-0.1300,32.0000
19.7028,-3.7129,-73.3600,-0.0300,32.0400
19.7433,-3.2123,-71.9600,0.0000,32.0700
19.7536,-3.0846,-71.6100,0.1800,31.8900
19.7637,-2.9584,-71.2600,0.0500,31.5900
19.7738,-2.8325,-70.9100,-0.0600,31.8700
19.7840,-2.7061,-70.5600,0.0300,32.0300
19.7941,-2.5798,-70.2100,0.2800,31.9900
19.8043,-2.4534,-69.8600,-0.0300,31.6700
19.8487,-1.8986,-68.1100,0.0500,31.8100
19.8590,-1.7698,-67.7600,-0.0900,31.9800
19.8692,-1.6421,-67.4000,0.1400,32.0600
19.8794,-1.5147,-67.0600,0.2800,31.8400
19.8895,-1.3873,-66.7100,0.0700,31.7500
19.8997,-1.2598,-66.3500,-0.0500,31.9300
19.9098,-1.1326,-66.0000,0.0700,32.0100
19.9499,-0.6290,-64.6000,0.0200,32.0000
19.9601,-0.5008,-64.2500,0.2000,31.9400
19.9703,-0.3735,-63.9000,0.0400,31.7200
19.9804,-0.2461,-63.5500,-0.0600,31.8700
19.9905,-0.1189,-63.2000,-0.1400,31.9400
20.0007,0.0083,-62.8500,0.0900,31.9700
20.0449,0.5640,-61.4500,0.1400,31.9600
20.0552,0.6932,-61.1000,0.0300,31.8000
20.0654,0.8216,-60.7500,0.1100,31.9000
20.0758,0.9519,-60.4000,0.0000,31.8700
20.0859,1.0794,-60.0500,0.1100,31.9600
20.0962,1.2080,-59.7000,0.1700,31.8500
20.1066,1.3383,-59.3500,0.2700,31.9000
20.1187,1.4902,-58.6400,0.1100,31.9300
20.1289,1.6184,-58.2900,0.3100,31.8900
20.1391,1.7462,-57.9400,0.1600,31.9400
20.1494,1.8745,-57.5900,0.1400,31.8800
20.1596,2.0019,-57.2400,0.0200,31.9100
20.1698,2.1293,-56.8900,0.1500,31.8700
20.1799,2.2560,-56.5400,-0.1300,31.9000
20.1901,2.3831,-56.1900,0.0200,31.9100
20.2004,2.5117,-55.8400,-0.0400,31.8300
20.2400,3.0047,-54.4400,-0.0300,31.8400
20.2503,3.1324,-54.0900,-0.0500,31.8200
20.2604,3.2583,-53.7400,-0.3900,31.8300
20.2706,3.3840,-53.3900,0.1500,31.9800
20.2808,3.5098,-53.0400,0.0400,31.8600
20.2909,3.6347,-52.6900,-0.0200,31.8200
20.3010,3.7596,-52.3400,-0.3800,31.8100
20.3436,4.2843,-50.9400,-0.2800,31.7900
20.3539,4.4105,-50.5800,0.2500,32.0800
20.3640,4.5345,-50.2300,0.4200,31.9600
20.3741,4.6582,-49.8800,0.1600,31.8500
20.3843,4.7820,-49.5300,-0.1300,31.7700
20.3944,4.9054,-49.1800,-0.0200,32.0300
20.4046,5.0300,-48.8300,0.4900,32.0400
20.4463,5.5350,-47.4300,0.2400,32.0600
20.4566,5.6590,-47.0800,0.3000,31.9200
20.4667,5.7809,-46.7300,0.0300,31.7300
20.4768,5.9023,-46.3800,-0.6000,31.8600
20.4869,6.0239,-46.0300,0.0300,32.1000
20.4971,6.1454,-45.6800,0.2200,31.9400
20.5074,6.2689,-45.3300,0.0200,31.7500
20.5229,6.4531,-44.6200,-0.1300,32.0700
20.5331,6.5744,-44.2700,0.2100,32.0200
20.5433,6.6953,-43.9200,0.0800,31.7600
20.5534,6.8155,-43.5700,-0.2200,31.6700
20.5636,6.9357,-43.2200,-0.1300,32.0600
20.5738,7.0552,-42.8700,0.3800,32.0400
20.5839,7.1745,-42.5200,0.2900,31.8400
20.5941,7.2937,-42.1700,-0.0900,31.6500
20.6044,7.4134,-41.8200,-0.1900,31.9900
20.6163,7.5520,-41.4700,0.2500,32.1300
20.6265,7.6711,-41.1200,0.2900,31.9100
20.6368,7.7901,-40.7700,-0.0600,31.6600
20.6470,7.9080,-40.4200,-0.1700,31.9300
20.6572,8.0254,-40.0600,0.0600,32.1000
20.6673,8.1425,-39.7200,0.4300,31.9900
20.6775,8.2590,-39.3700,0.1800,31.6900
20.6877,8.3752,-39.0200,0.0000,31.7900
20.6979,8.4914,-38.6600,-0.0200,32.0800
20.7080,8.6069,-38.3100,0.3000,32.0100
20.7196,8.7374,-37.6200,0.0000,31.7100
20.7298,8.8528,-37.2600,-0.0500,31.9700
20.7400,8.9672,-36.9100,0.1600,32.0500
20.7501,9.0814,-36.5600,0.0700,31.8000
20.7603,9.1953,-36.2200,0.1200,31.6200
20.7705,9.3088,-35.8600,-0.0900,31.9600
20.7807,9.4213,-35.5100,-0.0800,32.0500
20.7908,9.5336,-35.1600,0.0600,31.8800
20.8009,9.6453,-34.8100,0.0000,31.6100
20.8125,9.7729,-34.4600,-0.1200,31.8800
20.8228,9.8857,-34.1100,-0.0200,32.0600
20.8330,9.9961,-33.7600,0.1800,31.9400
20.8433,10.1086,-33.4100,0.0400,31.6400
20.8536,10.2195,-33.0600,-0.0100,31.8600
20.8639,10.3312,-32.7100,-0.0100,32.0100
20.8741,10.4401,-32.3600,0.2800,32.0100
20.8843,10.5494,-32.0100,0.0500,31.7300
20.8944,10.6574,-31.6600,0.0000,31.8100
20.9046,10.7654,-31.3100,0.0000,32.0100
20.9163,10.8890,-30.9600,0.1400,32.0500
20.9265,10.9960,-30.6100,0.1900,31.8100
20.9366,11.1024,-30.2600,0.0400,31.8100
20.9469,11.2091,-29.9100,-0.0400,31.9400
20.9571,11.3151,-29.5500,0.1200,32.0500
20.9674,11.4214,-29.2000,0.2400,31.8800
20.9776,11.5265,-28.8600,-0.0100,31.7700
20.9878,11.6310,-28.5000,-0.0400,31.9000
20.9979,11.7343,-28.1500,-0.0300,31.9800
21.0081,11.8378,-27.4500,0.0100,31.7600
21.0197,11.9549,-27.1000,-0.0300,31.8300
21.0299,12.0574,-26.7500,-0.1000,31.9500
21.0400,12.1588,-26.4000,0.0900,31.9300
21.0502,12.2598,-26.0500,-0.0200,31.7500
21.0604,12.3608,-25.7000,-0.1200,31.8700
21.0706,12.4612,-25.3500,-0.1400,31.9000
21.0808,12.5616,-25.0000,0.0900,31.9600
21.0910,12.6616,-24.6500,-0.0700,31.8000
21.1013,12.7608,-24.3000,0.1300,31.8700
21.1129,12.8728,-23.9500,-0.0100,31.9100
21.1231,12.9709,-23.5900,0.1200,31.9400
21.1333,13.0677,-23.2500,0.0300,31.8300
21.1434,13.1641,-22.8900,0.2000,31.9300
21.1536,13.2603,-22.5400,0.0300,31.8600
21.1638,13.3555,-22.1900,0.0200,31.9300
21.1739,13.4501,-21.8400,0.1400,31.8500
21.1841,13.5448,-21.4900,0.2300,31.9300
21.1943,13.6387,-21.1400,0.0900,31.9000
21.2045,13.7317,-20.7900,0.0700,31.8800
21.2161,13.8374,-20.4400,0.2100,31.8800
21.2263,13.9295,-20.0900,0.0700,31.9600
21.2365,14.0216,-19.7400,0.1800,31.8900
21.2467,14.1127,-19.3900,0.0000,31.8800
21.2569,14.2032,-19.0400,0.0200,31.8500
21.2671,14.2931,-18.6900,-0.2700,31.9000
21.2773,14.3822,-18.3400,0.1500,31.9400
21.2874,14.4706,-17.9900,0.0000,31.8200
21.2976,14.5585,-17.6400,-0.0700,31.8200
21.3081,14.6487,-17.2900,-0.4500,31.8700
21.3198,14.7488,-16.5900,-0.0300,31.8600
21.3300,14.8351,-16.2400,-0.0700,31.7800
21.3403,14.9211,-15.8900,-0.4900,31.8100
21.3504,15.0056,-15.5300,0.1600,32.0300
21.3606,15.0897,-15.1900,0.1500,31.8700
21.3708,15.1735,-14.8400,0.1000,31.8000
21.3810,15.2568,-14.4900,-0.3000,31.7900
21.3911,15.3391,-14.1300,0.2800,32.0500
21.4013,15.4210,-13.7800,0.5200,31.9800
21.4135,15.5181,-13.4300,0.1700,31.8100
21.4238,15.5992,-13.0800,-0.2200,31.7700
21.4339,15.6786,-12.7300,0.0300,32.0900
21.4442,15.7580,-12.3800,0.5000,32.0300
21.4544,15.8371,-12.0300,0.3000,31.8700
21.4646,15.9151,-11.6800,0.0300,31.7400
21.4748,15.9923,-11.3300,-0.2300,32.0100
21.4851,16.0694,-10.9800,0.5300,32.0900
21.4954,16.1466,-10.6300,0.3900,31.8900
21.5056,16.2218,-10.2800,0.0600,31.7300
21.5174,16.3078,-9.9300,-0.5300,31.9200
21.5278,16.3829,-9.5700,0.1300,32.0800
21.5380,16.4562,-9.2300,0.3500,31.9600
21.5482,16.5287,-8.8800,0.0200,31.7400
21.5584,16.6004,-8.1700,-0.1200,32.1000
21.5688,16.6733,-7.8200,0.1700,31.9900
21.5791,16.7443,-7.4700,0.0800,31.7600
21.5894,16.8146,-7.1200,-0.3200,31.7000
21.5995,16.8833,-6.7700,-0.2100,32.0500
21.6097,16.9518,-6.4200,0.2000,32.0600
21.6213,17.0284,-6.0700,0.1800,31.7900
21.6314,17.0950,-5.7200,-0.0600,31.6200
21.6419,17.1629,-5.3700,-0.1800,32.0200
21.6522,17.2288,-5.0200,0.2300,32.0700
21.6625,17.2943,-4.6700,0.3100,31.8900
21.6727,17.3584,-4.3200,-0.1000,31.6400
21.6829,17.4218,-3.9700,-0.1600,31.9200
21.6934,17.4863,-3.6200,0.0700,32.1300
21.7041,17.5510,-3.2700,0.3100,31.9700
21.7158,17.6208,-2.9200,0.0000,31.6800
21.7260,17.6812,-2.5700,-0.1000,31.8700
21.7362,17.7406,-2.2100,-0.0700,32.0800
21.7464,17.7994,-1.8600,0.2900,32.0400
21.7566,17.8574,-1.5200,0.1400,31.7300
21.7668,17.9148,-1.1700,0.0000,31.7500
21.7772,17.9725,-0.8100,-0.1200,32.0400
21.7873,18.0283,-0.4600,0.1100,32.0300
21.7975,18.0832,-0.1100,0.1200,31.7800
21.8080,18.1393,0.2300,0.1400,31.6600
21.8196,18.2001,0.9300,0.0500,32.0500
21.8299,18.2531,1.2800,0.1500,31.8400
21.8401,18.3052,1.6300,0.1000,31.6100
21.8503,18.3565,1.9800,-0.0900,31.9100
21.8605,18.4071,2.3300,-0.1500,32.0400
21.8708,18.4573,2.6800,0.0500,31.9400
21.8811,18.5067,3.0300,-0.0500,31.6400
21.8914,18.5553,3.3800,-0.1600,31.8600
21.9016,18.6030,3.7300,-0.0600,32.0400
21.9138,18.6586,4.0800,0.2300,31.9900
21.9242,18.7052,4.4300,-0.0100,31.7000
21.9345,18.7507,4.7800,-0.0500,31.8500
21.9450,18.7961,5.1300,-0.0400,31.9700
21.9553,18.8402,5.4800,0.1100,32.0300
21.9658,18.8840,5.8300,0.1100,31.7700
21.9764,18.9272,6.1800,0.0000,31.8100
21.9870,18.9698,6.5300,-0.0300,31.9700
21.9974,19.0109,6.8900,0.1400,32.0300
22.0080,19.0518,7.2300,0.3300,31.8500
22.0202,19.0980,7.9400,-0.0500,31.9000
22.0305,19.1361,8.2900,-0.0300,32.0300
22.0408,19.1733,8.6400,0.2500,31.9100
22.0510,19.2095,8.9900,-0.1000,31.7900
22.0615,19.2458,9.3400,-0.1200,31.8900
22.0719,19.2807,9.6900,-0.0800,31.9400
22.0824,19.3154,10.0400,0.0800,31.9300
22.0929,19.3492,10.3900,-0.0700,31.7900
22.1033,19.3819,10.7400,-0.0800,31.8300
22.1155,19.4193,11.0900,-0.1400,31.9200
22.1262,19.4508,11.4400,0.0400,31.9200
22.1364,19.4803,11.7900,-0.1000,31.7700
22.1466,19.5090,12.1400,-0.0500,31.8700
22.1570,19.5373,12.4900,-0.1400,31.8700
22.1672,19.5644,12.8400,0.0600,31.9300
22.1774,19.5906,13.1900,-0.0400,31.8100
22.1876,19.6160,13.5400,0.1800,31.9000
22.1979,19.6407,13.9000,0.0500,31.9000
22.2080,19.6644,14.2400,0.0800,31.9000
22.2196,19.6904,14.9500,0.2300,31.9700
22.2299,19.7126,15.3000,0.0500,31.8600
22.2400,19.7338,15.6500,-0.0200,31.9000
22.2501,19.7541,16.0000,0.0300,31.8600
22.2603,19.7737,16.3500,0.2300,31.9600
22.2705,19.7924,16.7000,0.2200,31.9200
22.2808,19.8107,17.0500,0.0400,31.8600
22.2910,19.8279,17.4000,0.0900,31.8500
22.3012,19.8441,17.7500,-0.0700,31.9700
22.3132,19.8624,18.1000,0.1800,31.9200
22.3235,19.8772,18.4500,0.0400,31.8700
22.3337,19.8909,18.8000,-0.0600,31.8300
22.3439,19.9038,19.1500,-0.4100,31.9100
22.3540,19.9159,19.5000,0.1500,31.9800
22.3643,19.9274,19.8500,-0.0400,31.8400
22.3746,19.9380,20.2000,-0.1600,31.7900
22.3848,19.9476,20.5500,-0.6500,31.8600
22.3950,19.9565,20.9000,0.0800,32.0000
22.4053,19.9646,21.2500,0.0400,31.9000
22.4176,19.9732,21.6000,-0.0500,31.7700
22.4278,19.9794,21.9500,-0.4600,31.8000
22.4380,19.9848,22.3100,0.1700,32.0700
22.4482,19.9894,22.6600,0.3000,31.9200
22.4585,19.9932,23.3600,-0.3100,31.7600
22.4688,19.9962,23.7100,0.0800,32.0600
22.4791,19.9983,24.0600,0.5300,32.0300
22.4893,19.9995,24.4100,0.2100,31.8400
22.4995,20.0000,24.7600,-0.2100,31.7400
22.5099,19.9996,25.1100,-0.1400,32.0700
22.5217,19.9981,25.4600,0.4300,32.0700
22.5323,19.9959,25.8100,0.4200,31.9000
22.5428,19.9928,26.1600,0.0800,31.7300
22.5531,19.9889,26.5100,-0.3400,31.9700
22.5634,19.9842,26.8700,0.2400,32.1200
22.5736,19.9786,27.2100,0.3400,31.9300
22.5839,19.9722,27.5600,0.0500,31.7300
22.5944,19.9649,27.9200,-0.5500,31.8500
22.6049,19.9566,28.2700,-0.0500,32.0700
22.6171,19.9459,28.6200,0.2600,31.9900
22.6275,19.9359,28.9700,0.0100,31.7300
22.6378,19.9251,29.3200,-0.3600,31.7000
22.6482,19.9134,29.6700,-0.2000,32.0700
22.6586,19.9008,30.3700,0.0000,31.8000
22.6689,19.8876,30.7200,-0.1500,31.6500
22.6791,19.8735,31.0700,-0.2200,32.0100
