Time,Roll,Pitch,Yaw
0.00066375732421875,0.0,0.0,0.0
0.011684894561767578,0.0,0.0,0.0
0.02266693115234375,0.0,0.0,0.0
0.033654212951660156,0.0,0.0,0.0
0.04614686965942383,0.0,0.0,128.72494898930955
0.0567317008972168,0.0,0.0,128.72494898930955
0.06731986999511719,0.0,0.0,128.72494898930955
0.07775306701660156,0.0,0.0,128.72494898930955
0.09089851379394531,0.0,0.0,128.72494898930955
0.10188722610473633,0.0,0.0,128.72494898930955
0.11287236213684082,0.0,0.0,128.72494898930955
0.12382769584655762,0.0,0.0,128.72494898930955
0.13503360748291016,0.0,0.0,128.72494898930955
0.14740633964538574,0.0,0.0,128.72494898930955
0.15799760818481445,0.0,0.0,128.72494898930955
0.16896438598632812,0.0,0.0,128.72494898930955
0.17994976043701172,0.0,0.0,128.72494898930955
0.1926572322845459,0.0,0.0,128.72494898930955
0.20363283157348633,0.0,0.0,128.72494898930955
0.2146151065826416,0.0,0.0,128.72494898930955
0.22551774978637695,0.0,0.0,128.72494898930955
0.23589038848876953,0.0,0.0,128.72494898930955
0.24772286415100098,0.009331746010070805,-0.0032793445770428324,128.7249490552955
0.25808262825012207,0.009331746010070805,-0.0032793445770428324,128.7249490552955
0.269057035446167,0.009331746010070805,-0.0032793445770428324,128.7249490552955
0.2803785800933838,0.009331746010070805,-0.0032793445770428324,128.7249490552955
0.2937750816345215,0.009331746010070805,-0.0032793445770428324,128.7249490552955
0.3047919273376465,0.009331746010070805,-0.0032793445770428324,128.7249490552955
0.3156471252441406,0.009331746010070805,-0.0032793445770428324,128.7249490552955
0.3262310028076172,0.009331746010070805,-0.0032793445770428324,128.7249490552955
0.3368089199066162,0.009331746010070805,-0.0032793445770428324,128.7249490552955
0.34837913513183594,-1.3095505365786844,0.6592396448177117,128.70883902844267
0.35941243171691895,-1.3095505365786844,0.6592396448177117,128.70883902844267
0.37029457092285156,-1.3095505365786844,0.6592396448177117,128.70883902844267
0.38130831718444824,-1.3095505365786844,0.6592396448177117,128.70883902844267
0.39551234245300293,-1.2735038842173898,0.761887366107745,128.70808504977407
0.40613698959350586,-1.2735038842173898,0.761887366107745,128.70808504977407
0.4167206287384033,-1.2735038842173898,0.761887366107745,128.70808504977407
0.4273073673248291,-1.2735038842173898,0.761887366107745,128.70808504977407
0.43775320053100586,-1.2735038842173898,0.761887366107745,128.70808504977407
0.4502429962158203,-1.2735038842173898,0.761887366107745,128.70808504977407
0.46122050285339355,-1.2735038842173898,0.761887366107745,128.70808504977407
0.47220921516418457,-1.2735038842173898,0.761887366107745,128.70808504977407
0.4831986427307129,-1.2735038842173898,0.761887366107745,128.70808504977407
0.4959290027618408,-1.2704748184715842,0.755582121772802,128.70811628876444
0.5065140724182129,-1.2704748184715842,0.755582121772802,128.70811628876444
0.5170915126800537,-1.2704748184715842,0.755582121772802,128.70811628876444
0.5276682376861572,-1.2704748184715842,0.755582121772802,128.70811628876444
0.538245439529419,-1.2704748184715842,0.755582121772802,128.70811628876444
0.5512220859527588,-1.2798853479318941,0.7588105218476757,128.70417311184087
0.5622005462646484,-1.2798853479318941,0.7588105218476757,128.70417311184087
0.573155403137207,-1.2798853479318941,0.7588105218476757,128.70417311184087
0.584143877029419,-1.2798853479318941,0.7588105218476757,128.70417311184087
0.5973894596099854,-1.2798098011878858,0.7588608989110188,128.70811608659506
0.6079654693603516,-1.2798098011878858,0.7588608989110188,128.70811608659506
0.6185407638549805,-1.2798098011878858,0.7588608989110188,128.70811608659506
0.6298236846923828,-1.2798098011878858,0.7588608989110188,128.70811608659506
0.6431994438171387,-1.2798098011878858,0.7588608989110188,128.70811608659506
0.6541793346405029,-1.2798098011878858,0.7588608989110188,128.70811608659506
0.665163516998291,-1.2798098011878858,0.7588608989110188,128.70811608659506
0.6761388778686523,-1.2798098011878858,0.7588608989110188,128.70811608659506
0.6865131855010986,-1.2798098011878858,0.7588608989110188,128.70811608659506
0.6983809471130371,-1.2828389018874968,0.7651661480347084,128.70808458069348
0.7087423801422119,-1.2828389018874968,0.7651661480347084,128.70808458069348
0.7191243171691895,-1.2828389018874968,0.7651661480347084,128.70808458069348
0.7300727367401123,-1.2828389018874968,0.7651661480347084,128.70808458069348
0.7435083389282227,-1.2796385000153392,0.7744479322144922,128.70407960218682
0.754270076751709,-1.2796385000153392,0.7744479322144922,128.70407960218682
0.7650101184844971,-1.2796385000153392,0.7744479322144922,128.70407960218682
0.7757718563079834,-1.2796385000153392,0.7744479322144922,128.70407960218682
0.7861292362213135,-1.2796385000153392,0.7744479322144922,128.70407960218682
0.7977416515350342,-1.2826680764820113,0.7807532043859874,128.70404836868912
0.8080992698669434,-1.2826680764820113,0.7807532043859874,128.70404836868912
0.8184614181518555,-1.2826680764820113,0.7807532043859874,128.70404836868912
0.8288354873657227,-1.2826680764820113,0.7807532043859874,128.70404836868912
0.8403706550598145,-1.2763621482706018,0.7837801140778992,128.70401879307826
0.851128339767456,-1.2763621482706018,0.7837801140778992,128.70401879307826
0.8618710041046143,-1.2763621482706018,0.7837801140778992,128.70401879307826
0.8726119995117188,-1.2763621482706018,0.7837801140778992,128.70401879307826
0.8833534717559814,-1.2763621482706018,0.7837801140778992,128.70401879307826
0.8961060047149658,-1.2730858199650759,0.7931123167355641,128.70395918402943
0.9065048694610596,-1.2730858199650759,0.7931123167355641,128.70395918402943
0.9168655872344971,-1.2730858199650759,0.7931123167355641,128.70395918402943
0.9273102283477783,-1.2730858199650759,0.7931123167355641,128.70395918402943
0.9377436637878418,-1.2730858199650759,0.7931123167355641,128.70395918402943
0.9493396282196045,-1.2760377564733951,0.7994667138831025,128.70787145000745
0.9603269100189209,-1.2760377564733951,0.7994667138831025,128.70787145000745
0.9713099002838135,-1.2760377564733951,0.7994667138831025,128.70787145000745
0.9822969436645508,-1.2760377564733951,0.7994667138831025,128.70787145000745
0.9957311153411865,-1.282343689777984,0.7964402196905093,128.70789981962088
1.0066986083984375,-1.282343689777984,0.7964402196905093,128.70789981962088
1.0172793865203857,-1.282343689777984,0.7964402196905093,128.70789981962088
1.0278570652008057,-1.282343689777984,0.7964402196905093,128.70789981962088
1.038433313369751,-1.282343689777984,0.7964402196905093,128.70789981962088
1.050903081893921,-1.282343689777984,0.7964402196905093,128.70789981962088
1.06190824508667,-1.282343689777984,0.7964402196905093,128.70789981962088
1.0728673934936523,-1.282343689777984,0.7964402196905093,128.70789981962088
1.0838537216186523,-1.282343689777984,0.7964402196905093,128.70789981962088
1.0965759754180908,-1.282343689777984,0.7964402196905093,128.70789981962088
1.10715913772583,-1.282343689777984,0.7964402196905093,128.70789981962088
1.11773681640625,-1.282343689777984,0.7964402196905093,128.70789981962088
1.128314733505249,-1.282343689777984,0.7964402196905093,128.70789981962088
1.1388890743255615,-1.282343689777984,0.7964402196905093,128.70789981962088
1.1520977020263672,-1.2887273141260251,0.7933637771731369,128.7039859018212
1.163074254989624,-1.2887273141260251,0.7933637771731369,128.7039859018212
1.174032211303711,-1.2887273141260251,0.7933637771731369,128.7039859018212
1.1850166320800781,-1.2887273141260251,0.7933637771731369,128.7039859018212
1.1982688903808594,-1.2886496329274473,0.7934137277202804,128.7079288554599
1.2088658809661865,-1.2886496329274473,0.7934137277202804,128.7079288554599
1.219240665435791,-1.2886496329274473,0.7934137277202804,128.7079288554599
1.2296245098114014,-1.2886496329274473,0.7934137277202804,128.7079288554599
1.2419135570526123,-1.2950332669998872,0.7903368605258525,128.70401560982012
1.2528886795043945,-1.2950332669998872,0.7903368605258525,128.70401560982012
1.2636592388153076,-1.2950332669998872,0.7903368605258525,128.70401560982012
1.2746391296386719,-1.2950332669998872,0.7903368605258525,128.70401560982012
1.2858240604400635,-1.2950332669998872,0.7903368605258525,128.70401560982012
1.2982139587402344,-1.3043689061711135,0.7936152376259922,128.7040142168359
1.3087928295135498,-1.3043689061711135,0.7936152376259922,128.7040142168359
1.3193674087524414,-1.3043689061711135,0.7936152376259922,128.7040142168359
1.3299446105957031,-1.3043689061711135,0.7936152376259922,128.7040142168359
1.343102216720581,-1.3043689061711135,0.7936152376259922,128.7040142168359
1.3539252281188965,-1.3043689061711135,0.7936152376259922,128.7040142168359
1.3649168014526367,-1.3043689061711135,0.7936152376259922,128.7040142168359
1.375507116317749,-1.3043689061711135,0.7936152376259922,128.7040142168359
1.3862848281860352,-1.3043689061711135,0.7936152376259922,128.7040142168359
1.3986551761627197,-1.3106748867264766,0.7905883207950689,128.7040449903165
1.4090266227722168,-1.3106748867264766,0.7905883207950689,128.7040449903165
1.4193899631500244,-1.3106748867264766,0.7905883207950689,128.7040449903165
1.42974853515625,-1.3106748867264766,0.7905883207950689,128.7040449903165
1.4422223567962646,-1.3137045989986835,0.7968936173245597,128.70401295628017
1.4531965255737305,-1.3137045989986835,0.7968936173245597,128.70401295628017
1.4641833305358887,-1.3137045989986835,0.7968936173245597,128.70401295628017
1.4751458168029785,-1.3137045989986835,0.7968936173245597,128.70401295628017
1.4861245155334473,-1.3137045989986835,0.7968936173245597,128.70401295628017
1.4985086917877197,-1.3137045989986835,0.7968936173245597,128.70401295628017
1.5090863704681396,-1.3137045989986835,0.7968936173245597,128.70401295628017
1.5196630954742432,-1.3137045989986835,0.7968936173245597,128.70401295628017
1.5302417278289795,-1.3137045989986835,0.7968936173245597,128.70401295628017
1.5430772304534912,-1.323040345821558,0.8001719996322946,128.7040118281519
1.5540568828582764,-1.323040345821558,0.8001719996322946,128.7040118281519
1.5650432109832764,-1.323040345821558,0.8001719996322946,128.7040118281519
1.5760271549224854,-1.323040345821558,0.8001719996322946,128.7040118281519
1.5869860649108887,-1.323040345821558,0.8001719996322946,128.7040118281519
1.5989634990692139,-1.323040345821558,0.8001719996322946,128.7040118281519
1.6095447540283203,-1.323040345821558,0.8001719996322946,128.7040118281519
1.620119333267212,-1.323040345821558,0.8001719996322946,128.7040118281519
1.6312382221221924,-1.323040345821558,0.8001719996322946,128.7040118281519
1.644636869430542,-1.3260701234037335,0.8064773108616803,128.70397952730485
1.6556143760681152,-1.3260701234037335,0.8064773108616803,128.70397952730485
1.6666014194488525,-1.3260701234037335,0.8064773108616803,128.70397952730485
1.677577018737793,-1.3260701234037335,0.8064773108616803,128.70397952730485
1.6881656646728516,-1.3260701234037335,0.8064773108616803,128.70397952730485
1.6999187469482422,-1.3260701234037335,0.8064773108616803,128.70397952730485
1.7104978561401367,-1.3260701234037335,0.8064773108616803,128.70397952730485
1.7217519283294678,-1.3260701234037335,0.8064773108616803,128.70397952730485
1.7325198650360107,-1.3260701234037335,0.8064773108616803,128.70397952730485
1.7466766834259033,-1.3354059612307292,0.8097557008583733,128.70397826474968
1.7574808597564697,-1.3354059612307292,0.8097557008583733,128.70397826474968
1.768068790435791,-1.3354059612307292,0.8097557008583733,128.70397826474968
1.7786498069763184,-1.3354059612307292,0.8097557008583733,128.70397826474968
1.789013147354126,-1.3354059612307292,0.8097557008583733,128.70397826474968
1.8005540370941162,-1.3354059612307292,0.8097557008583733,128.70397826474968
1.8113117218017578,-1.3354059612307292,0.8097557008583733,128.70397826474968
1.8223133087158203,-1.3354059612307292,0.8097557008583733,128.70397826474968
1.8333134651184082,-1.3354059612307292,0.8097557008583733,128.70397826474968
1.8466877937316895,-1.3384358048037976,0.8160610269641696,128.70394569709558
1.8576836585998535,-1.3384358048037976,0.8160610269641696,128.70394569709558
1.8682632446289062,-1.3384358048037976,0.8160610269641696,128.70394569709558
1.8788371086120605,-1.3384358048037976,0.8160610269641696,128.70394569709558
1.8894143104553223,-1.3384358048037976,0.8160610269641696,128.70394569709558
1.9018921852111816,-1.3384358048037976,0.8160610269641696,128.70394569709558
1.9126558303833008,-1.3384358048037976,0.8160610269641696,128.70394569709558
1.9233975410461426,-1.3384358048037976,0.8160610269641696,128.70394569709558
1.934140682220459,-1.3384358048037976,0.8160610269641696,128.70394569709558
1.947681188583374,-1.3384358048037976,0.8160610269641696,128.70394569709558
1.9581584930419922,-1.3384358048037976,0.8160610269641696,128.70394569709558
1.9685640335083008,-1.3384358048037976,0.8160610269641696,128.70394569709558
1.978938102722168,-1.3384358048037976,0.8160610269641696,128.70394569709558
1.989332675933838,-1.3384358048037976,0.8160610269641696,128.70394569709558
2.00111722946167,-1.3354059612307292,0.8097557008583733,128.70397826474968
2.012082815170288,-1.3354059612307292,0.8097557008583733,128.70397826474968
2.0230655670166016,-1.3354059612307292,0.8097557008583733,128.70397826474968
2.0336461067199707,-1.3354059612307292,0.8097557008583733,128.70397826474968
2.047031879425049,-1.3323761469786928,0.8034503845599364,128.70401083244994
2.0580291748046875,-1.3323761469786928,0.8034503845599364,128.70401083244994
2.068608045578003,-1.3323761469786928,0.8034503845599364,128.70401083244994
2.0791852474212646,-1.3323761469786928,0.8034503845599364,128.70401083244994
2.0897631645202637,-1.3323761469786928,0.8034503845599364,128.70401083244994
2.10223650932312,-1.3323761469786928,0.8034503845599364,128.70401083244994
2.1132123470306396,-1.3323761469786928,0.8034503845599364,128.70401083244994
2.1241674423217773,-1.3323761469786928,0.8034503845599364,128.70401083244994
2.1351540088653564,-1.3323761469786928,0.8034503845599364,128.70401083244994
2.1486382484436035,-1.3293463619290773,0.7971450779924522,128.70404340019644
2.1592400074005127,-1.3293463619290773,0.7971450779924522,128.70404340019644
2.169813871383667,-1.3293463619290773,0.7971450779924522,128.70404340019644
2.1803946495056152,-1.3293463619290773,0.7971450779924522,128.70404340019644
2.190977096557617,-1.3293463619290773,0.7971450779924522,128.70404340019644
2.2051963806152344,-1.3293463619290773,0.7971450779924522,128.70404340019644
2.2161784172058105,-1.3293463619290773,0.7971450779924522,128.70404340019644
2.227160930633545,-1.3293463619290773,0.7971450779924522,128.70404340019644
2.2381396293640137,-1.3293463619290773,0.7971450779924522,128.70404340019644
2.249955415725708,-1.3293463619290773,0.7971450779924522,128.70404340019644
2.260532855987549,-1.3293463619290773,0.7971450779924522,128.70404340019644
2.2711079120635986,-1.3293463619290773,0.7971450779924522,128.70404340019644
2.2820024490356445,-1.3293463619290773,0.7971450779924522,128.70404340019644
2.2947630882263184,-1.3323761469786928,0.8034503845599364,128.70401083244994
2.305530071258545,-1.3323761469786928,0.8034503845599364,128.70401083244994
2.3165154457092285,-1.3323761469786928,0.8034503845599364,128.70401083244994
2.3272578716278076,-1.3323761469786928,0.8034503845599364,128.70401083244994
2.3380074501037598,-1.3323761469786928,0.8034503845599364,128.70401083244994
2.350069046020508,-1.3323761469786928,0.8034503845599364,128.70401083244994
2.360649585723877,-1.3323761469786928,0.8034503845599364,128.70401083244994
2.371225595474243,-1.3323761469786928,0.8034503845599364,128.70401083244994
2.382525682449341,-1.3323761469786928,0.8034503845599364,128.70401083244994
2.3959598541259766,-1.3353261471033346,0.8098077862527836,128.70792116092537
2.4069361686706543,-1.3353261471033346,0.8098077862527836,128.70792116092537
2.417924165725708,-1.3353261471033346,0.8098077862527836,128.70792116092537
2.4288382530212402,-1.3353261471033346,0.8098077862527836,128.70792116092537
2.4396800994873047,-1.3353261471033346,0.8098077862527836,128.70792116092537
2.4515633583068848,-1.3354059612307292,0.8097557008583733,128.70397826474968
2.4626386165618896,-1.3354059612307292,0.8097557008583733,128.70397826474968
2.4736225605010986,-1.3354059612307292,0.8097557008583733,128.70397826474968
2.4846081733703613,-1.3354059612307292,0.8097557008583733,128.70397826474968
2.4987359046936035,-1.3290999301296442,0.8127826318586984,128.70394722650323
2.5093257427215576,-1.3290999301296442,0.8127826318586984,128.70394722650323
2.519904613494873,-1.3290999301296442,0.8127826318586984,128.70394722650323
2.530484199523926,-1.3290999301296442,0.8127826318586984,128.70394722650323
2.5410709381103516,-1.3290999301296442,0.8127826318586984,128.70394722650323
2.5534167289733887,-1.3291280999136175,0.8126511374889016,128.69205596474796
2.564373731613159,-1.3291280999136175,0.8126511374889016,128.69205596474796
2.5753653049468994,-1.3291280999136175,0.8126511374889016,128.69205596474796
2.586357593536377,-1.3291280999136175,0.8126511374889016,128.69205596474796
2.598886489868164,-1.3291280999136175,0.8126511374889016,128.69205596474796
2.60947585105896,-1.3291280999136175,0.8126511374889016,128.69205596474796
2.6200544834136963,-1.3291280999136175,0.8126511374889016,128.69205596474796
2.6306281089782715,-1.3291280999136175,0.8126511374889016,128.69205596474796
2.6412131786346436,-1.3291280999136175,0.8126511374889016,128.69205596474796
2.654405117034912,-1.335433704108021,0.8096237796574919,128.6920870322743
2.66538143157959,-1.335433704108021,0.8096237796574919,128.6920870322743
2.6764073371887207,-1.335433704108021,0.8096237796574919,128.6920870322743
2.6873884201049805,-1.335433704108021,0.8096237796574919,128.6920870322743
2.700671911239624,-1.335433704108021,0.8096237796574919,128.6920870322743
2.7112655639648438,-1.335433704108021,0.8096237796574919,128.6920870322743
2.721859931945801,-1.335433704108021,0.8096237796574919,128.6920870322743
2.7324390411376953,-1.335433704108021,0.8096237796574919,128.6920870322743
2.745405673980713,-1.3291797445158993,0.8127309733557677,128.70000500139753
2.756418228149414,-1.3291797445158993,0.8127309733557677,128.70000500139753
2.767188787460327,-1.3291797445158993,0.8127309733557677,128.70000500139753
2.7779555320739746,-1.3291797445158993,0.8127309733557677,128.70000500139753
2.7886998653411865,-1.3291797445158993,0.8127309733557677,128.70000500139753
2.8007798194885254,-1.326097866363673,0.8063462436254639,128.69208826018422
2.81113862991333,-1.326097866363673,0.8063462436254639,128.69208826018422
2.8215065002441406,-1.326097866363673,0.8063462436254639,128.69208826018422
2.8318660259246826,-1.326097866363673,0.8063462436254639,128.69208826018422
2.8433892726898193,-1.326097866363673,0.8063462436254639,128.69208826018422
2.8541269302368164,-1.326097866363673,0.8063462436254639,128.69208826018422
2.8648667335510254,-1.326097866363673,0.8063462436254639,128.69208826018422
2.875607967376709,-1.326097866363673,0.8063462436254639,128.69208826018422
2.8863511085510254,-1.326097866363673,0.8063462436254639,128.69208826018422
2.899038314819336,-1.3324034630338217,0.8033188904922149,128.69211959456496
2.909400224685669,-1.3324034630338217,0.8033188904922149,128.69211959456496
2.9197614192962646,-1.3324034630338217,0.8033188904922149,128.69211959456496
2.9301180839538574,-1.3324034630338217,0.8033188904922149,128.69211959456496
2.9404752254486084,-1.3324034630338217,0.8033188904922149,128.69211959456496
2.9520068168640137,-1.3324034630338217,0.8033188904922149,128.69211959456496
2.963069438934326,-1.3324034630338217,0.8033188904922149,128.69211959456496
2.973917245864868,-1.3324034630338217,0.8033188904922149,128.69211959456496
2.984722137451172,-1.3324034630338217,0.8033188904922149,128.69211959456496
2.9981436729431152,-1.326097866363673,0.8063462436254639,128.69208826018422
3.008944511413574,-1.326097866363673,0.8063462436254639,128.69208826018422
3.0195178985595703,-1.326097866363673,0.8063462436254639,128.69208826018422
3.0298819541931152,-1.326097866363673,0.8063462436254639,128.69208826018422
3.040250062942505,-1.326097866363673,0.8063462436254639,128.69208826018422
3.0519566535949707,-1.326097866363673,0.8063462436254639,128.69208826018422
3.062314033508301,-1.326097866363673,0.8063462436254639,128.69208826018422
3.0732975006103516,-1.326097866363673,0.8063462436254639,128.69208826018422
3.0840396881103516,-1.326097866363673,0.8063462436254639,128.69208826018422
3.0974245071411133,-1.3230676619579989,0.800041359526748,128.69212055566595
3.108210325241089,-1.3230676619579989,0.800041359526748,128.69212055566595
3.1190638542175293,-1.3230676619579989,0.800041359526748,128.69212055566595
3.129580497741699,-1.3230676619579989,0.800041359526748,128.69212055566595
3.140014410018921,-1.3230676619579989,0.800041359526748,128.69212055566595
3.1521031856536865,-1.3230676619579989,0.800041359526748,128.69212055566595
3.162489891052246,-1.3230676619579989,0.800041359526748,128.69212055566595
3.173405647277832,-1.3230676619579989,0.800041359526748,128.69212055566595
3.1842331886291504,-1.3230676619579989,0.800041359526748,128.69212055566595
3.1984024047851562,-1.323040345821558,0.8001719996322946,128.7040118281519
3.2091939449310303,-1.323040345821558,0.8001719996322946,128.7040118281519
3.2198073863983154,-1.323040345821558,0.8001719996322946,128.7040118281519
3.230210065841675,-1.323040345821558,0.8001719996322946,128.7040118281519
3.2405951023101807,-1.323040345821558,0.8001719996322946,128.7040118281519
3.2522358894348145,-1.3167343401187224,0.8031989235055499,128.7039809222885
3.2626163959503174,-1.3167343401187224,0.8031989235055499,128.7039809222885
3.2737810611724854,-1.3167343401187224,0.8031989235055499,128.7039809222885
3.284607410430908,-1.3167343401187224,0.8031989235055499,128.7039809222885
3.2980403900146484,-1.3141553165046924,0.7960397611813891,128.6287998509765
3.3088295459747314,-1.3141553165046924,0.7960397611813891,128.6287998509765
3.319619655609131,-1.3141553165046924,0.7960397611813891,128.6287998509765
3.329988479614258,-1.3141553165046924,0.7960397611813891,128.6287998509765
3.3403658866882324,-1.3141553165046924,0.7960397611813891,128.6287998509765
3.352396249771118,-1.320537713065252,0.7929573419743469,128.62489627070286
3.3627567291259766,-1.320537713065252,0.7929573419743469,128.62489627070286
3.3735828399658203,-1.320537713065252,0.7929573419743469,128.62489627070286
3.3843228816986084,-1.320537713065252,0.7929573419743469,128.62489627070286
3.397672653198242,-1.320537713065252,0.7929573419743469,128.62489627070286
3.4084300994873047,-1.320537713065252,0.7929573419743469,128.62489627070286
3.4191720485687256,-1.320537713065252,0.7929573419743469,128.62489627070286
3.4299354553222656,-1.320537713065252,0.7929573419743469,128.62489627070286
3.4402971267700195,-1.320537713065252,0.7929573419743469,128.62489627070286
3.4523098468780518,-1.3175037251142419,0.7866541860666686,128.62492851704144
3.462665319442749,-1.3175037251142419,0.7866541860666686,128.62492851704144
3.473022699356079,-1.3175037251142419,0.7866541860666686,128.62492851704144
3.4838366508483887,-1.3175037251142419,0.7866541860666686,128.62492851704144
3.4965014457702637,-1.3175037251142419,0.7866541860666686,128.62492851704144
3.5072457790374756,-1.3175037251142419,0.7866541860666686,128.62492851704144
3.5179855823516846,-1.3175037251142419,0.7866541860666686,128.62492851704144
3.52872633934021,-1.3175037251142419,0.7866541860666686,128.62492851704144
3.539475202560425,-1.3175037251142419,0.7866541860666686,128.62492851704144
3.5518665313720703,-1.323885697433842,0.7835709199668583,128.6210265527385
3.562223196029663,-1.323885697433842,0.7835709199668583,128.6210265527385
3.5725862979888916,-1.323885697433842,0.7835709199668583,128.6210265527385
3.582947015762329,-1.323885697433842,0.7835709199668583,128.6210265527385
3.5945024490356445,-1.3209802015896512,0.7769561221631919,128.59334480985285
3.605262279510498,-1.3209802015896512,0.7769561221631919,128.59334480985285
3.6160051822662354,-1.3209802015896512,0.7769561221631919,128.59334480985285
3.62674617767334,-1.3209802015896512,0.7769561221631919,128.59334480985285
3.6375837326049805,-1.3209802015896512,0.7769561221631919,128.59334480985285
3.650331497192383,-1.359437639678703,0.7612149599665502,128.01325481988889
3.6607131958007812,-1.359437639678703,0.7612149599665502,128.01325481988889
3.671079158782959,-1.359437639678703,0.7612149599665502,128.01325481988889
3.6814627647399902,-1.359437639678703,0.7612149599665502,128.01325481988889
3.691824197769165,-1.359437639678703,0.7612149599665502,128.01325481988889
3.703361749649048,-1.3749464520579582,0.7496252560384353,127.55691500333167
3.714118003845215,-1.3749464520579582,0.7496252560384353,127.55691500333167
3.724497079849243,-1.3749464520579582,0.7496252560384353,127.55691500333167
3.7352328300476074,-1.3749464520579582,0.7496252560384353,127.55691500333167
3.7486138343811035,-1.5198415724126249,0.6598774559904221,128.03426403128688
3.7593753337860107,-1.5198415724126249,0.6598774559904221,128.03426403128688
3.770124912261963,-1.5198415724126249,0.6598774559904221,128.03426403128688
3.780665636062622,-1.5198415724126249,0.6598774559904221,128.03426403128688
3.7910313606262207,-1.5198415724126249,0.6598774559904221,128.03426403128688
3.803077220916748,-1.5923019231973496,-0.20509479706917016,122.92586143458344
3.813436508178711,-1.5923019231973496,-0.20509479706917016,122.92586143458344
3.824251413345337,-1.5923019231973496,-0.20509479706917016,122.92586143458344
3.834991455078125,-1.5923019231973496,-0.20509479706917016,122.92586143458344
3.846514940261841,-3.2003541454313016,-1.4415136579241197,117.54810238765745
3.8572709560394287,-3.2003541454313016,-1.4415136579241197,117.54810238765745
3.8680105209350586,-3.2003541454313016,-1.4415136579241197,117.54810238765745
3.8787524700164795,-3.2003541454313016,-1.4415136579241197,117.54810238765745
3.8895046710968018,-3.2003541454313016,-1.4415136579241197,117.54810238765745
3.901951789855957,-4.296222831564713,-4.044560880346598,115.75756340717915
3.9123117923736572,-4.296222831564713,-4.044560880346598,115.75756340717915
3.9226701259613037,-4.296222831564713,-4.044560880346598,115.75756340717915
3.9332523345947266,-4.296222831564713,-4.044560880346598,115.75756340717915
3.9447779655456543,-4.206506296618672,-5.6209614791133315,116.5456103422458
3.955538749694824,-4.206506296618672,-5.6209614791133315,116.5456103422458
3.9662818908691406,-4.206506296618672,-5.6209614791133315,116.5456103422458
3.9770493507385254,-4.206506296618672,-5.6209614791133315,116.5456103422458
3.98779034614563,-4.206506296618672,-5.6209614791133315,116.5456103422458
4.000451564788818,-3.996975790445019,-5.826122514806964,115.96399827658311
4.011004686355591,-3.996975790445019,-5.826122514806964,115.96399827658311
4.021365165710449,-3.996975790445019,-5.826122514806964,115.96399827658311
4.031725168228149,-3.996975790445019,-5.826122514806964,115.96399827658311
4.042084455490112,-3.996975790445019,-5.826122514806964,115.96399827658311
4.0536322593688965,-1.5589090987422327,-7.3307250832818545,115.4960840376982
4.064605236053467,-1.5589090987422327,-7.3307250832818545,115.4960840376982
4.075347900390625,-1.5589090987422327,-7.3307250832818545,115.4960840376982
4.086115121841431,-1.5589090987422327,-7.3307250832818545,115.4960840376982
4.099465370178223,0.6016950443472028,-8.69536421684628,116.04442014606123
4.1104419231414795,0.6016950443472028,-8.69536421684628,116.04442014606123
4.1213884353637695,0.6016950443472028,-8.69536421684628,116.04442014606123
4.131968259811401,0.6016950443472028,-8.69536421684628,116.04442014606123
4.14254355430603,0.6016950443472028,-8.69536421684628,116.04442014606123
4.154283285140991,6.4429057162632954,-10.829499171919915,120.38606930711333
4.165313005447388,6.4429057162632954,-10.829499171919915,120.38606930711333
4.176297903060913,6.4429057162632954,-10.829499171919915,120.38606930711333
4.187253475189209,6.4429057162632954,-10.829499171919915,120.38606930711333
4.199909925460815,13.905866537368826,-17.10145808048274,122.59410979259066
4.210873365402222,13.905866537368826,-17.10145808048274,122.59410979259066
4.221544981002808,13.905866537368826,-17.10145808048274,122.59410979259066
4.232124090194702,13.905866537368826,-17.10145808048274,122.59410979259066
4.24269962310791,13.905866537368826,-17.10145808048274,122.59410979259066
4.254245281219482,18.630213736016756,-23.916151761061496,115.3991919314933
4.2650086879730225,18.630213736016756,-23.916151761061496,115.3991919314933
4.2757508754730225,18.630213736016756,-23.916151761061496,115.3991919314933
4.2864909172058105,18.630213736016756,-23.916151761061496,115.3991919314933
4.298243045806885,24.17223600818018,-25.602746670661386,111.75978826564639
4.30919885635376,24.17223600818018,-25.602746670661386,111.75978826564639
4.319632530212402,24.17223600818018,-25.602746670661386,111.75978826564639
4.330414533615112,24.17223600818018,-25.602746670661386,111.75978826564639
4.341203927993774,24.17223600818018,-25.602746670661386,111.75978826564639
4.353254318237305,22.94307878676504,-24.907029006290745,112.92435067319838
4.3638341426849365,22.94307878676504,-24.907029006290745,112.92435067319838
4.374204635620117,22.94307878676504,-24.907029006290745,112.92435067319838
4.384566783905029,22.94307878676504,-24.907029006290745,112.92435067319838
4.398379802703857,20.452976364364094,-23.83359467127435,114.48235000775698
4.409385681152344,20.452976364364094,-23.83359467127435,114.48235000775698
4.420371770858765,20.452976364364094,-23.83359467127435,114.48235000775698
4.431369066238403,20.452976364364094,-23.83359467127435,114.48235000775698
4.441950559616089,20.452976364364094,-23.83359467127435,114.48235000775698
4.454041242599487,18.74030580000697,-23.03715203835628,116.77937203502485
4.464603662490845,18.74030580000697,-23.03715203835628,116.77937203502485
4.475606679916382,18.74030580000697,-23.03715203835628,116.77937203502485
4.486552953720093,18.74030580000697,-23.03715203835628,116.77937203502485
4.499254465103149,19.720342975624774,-22.456462486506087,116.80314719513528
4.510218143463135,19.720342975624774,-22.456462486506087,116.80314719513528
4.5211992263793945,19.720342975624774,-22.456462486506087,116.80314719513528
4.531991720199585,19.720342975624774,-22.456462486506087,116.80314719513528
4.542573690414429,19.720342975624774,-22.456462486506087,116.80314719513528
4.554203033447266,21.124387131382065,-22.46000032878885,115.02596613676756
4.564566373825073,21.124387131382065,-22.46000032878885,115.02596613676756
4.57539176940918,21.124387131382065,-22.46000032878885,115.02596613676756
4.586350440979004,21.124387131382065,-22.46000032878885,115.02596613676756
4.599012851715088,22.917443563583692,-23.004074907926732,113.32124215158963
4.609972953796387,22.917443563583692,-23.004074907926732,113.32124215158963
4.62095832824707,22.917443563583692,-23.004074907926732,113.32124215158963
4.631965398788452,22.917443563583692,-23.004074907926732,113.32124215158963
4.642545938491821,22.917443563583692,-23.004074907926732,113.32124215158963
4.654357433319092,26.241411725885815,-24.726739206596804,109.47363783867226
4.664927959442139,26.241411725885815,-24.726739206596804,109.47363783867226
4.675703048706055,26.241411725885815,-24.726739206596804,109.47363783867226
4.686661720275879,26.241411725885815,-24.726739206596804,109.47363783867226
4.700065612792969,28.48337347620178,-26.380540327337375,106.79881668700075
4.71082615852356,28.48337347620178,-26.380540327337375,106.79881668700075
4.7215800285339355,28.48337347620178,-26.380540327337375,106.79881668700075
4.732085943222046,28.48337347620178,-26.380540327337375,106.79881668700075
4.742448806762695,28.48337347620178,-26.380540327337375,106.79881668700075
4.754476547241211,29.518151970462974,-27.774330763714218,105.17494363782602
4.76483416557312,29.518151970462974,-27.774330763714218,105.17494363782602
4.775703191757202,29.518151970462974,-27.774330763714218,105.17494363782602
4.7864508628845215,29.518151970462974,-27.774330763714218,105.17494363782602
4.800606966018677,29.50921062208323,-29.20911056597907,103.99435112662839
4.811517238616943,29.50921062208323,-29.20911056597907,103.99435112662839
4.822235822677612,29.50921062208323,-29.20911056597907,103.99435112662839
4.832603454589844,29.50921062208323,-29.20911056597907,103.99435112662839
4.842962980270386,29.50921062208323,-29.20911056597907,103.99435112662839
4.854721784591675,30.188614415481293,-32.55802374582958,101.52001735729844
4.865823984146118,30.188614415481293,-32.55802374582958,101.52001735729844
4.876591682434082,30.188614415481293,-32.55802374582958,101.52001735729844
4.887333154678345,30.188614415481293,-32.55802374582958,101.52001735729844
4.900745391845703,34.558868872184846,-39.3920241599468,95.08350285985836
4.911535739898682,34.558868872184846,-39.3920241599468,95.08350285985836
4.922296047210693,34.558868872184846,-39.3920241599468,95.08350285985836
4.932879686355591,34.558868872184846,-39.3920241599468,95.08350285985836
4.943239688873291,34.558868872184846,-39.3920241599468,95.08350285985836
4.9547975063323975,40.801291627181485,-44.872272066768055,88.05378165080953
4.965160131454468,40.801291627181485,-44.872272066768055,88.05378165080953
4.9760143756866455,40.801291627181485,-44.872272066768055,88.05378165080953
4.986755132675171,40.801291627181485,-44.872272066768055,88.05378165080953
5.000919342041016,42.27142488883586,-45.35575833455491,87.76775075442987
5.0116987228393555,42.27142488883586,-45.35575833455491,87.76775075442987
5.022607326507568,42.27142488883586,-45.35575833455491,87.76775075442987
5.033061504364014,42.27142488883586,-45.35575833455491,87.76775075442987
5.04347038269043,42.27142488883586,-45.35575833455491,87.76775075442987
5.055092096328735,42.012835542460394,-45.30441870448541,88.4897375354871
5.066141605377197,42.012835542460394,-45.30441870448541,88.4897375354871
5.076913595199585,42.012835542460394,-45.30441870448541,88.4897375354871
5.087684154510498,42.012835542460394,-45.30441870448541,88.4897375354871
5.101089000701904,44.17862046542149,-46.54329415037426,88.28977276113224
5.111894845962524,44.17862046542149,-46.54329415037426,88.28977276113224
5.122680902481079,44.17862046542149,-46.54329415037426,88.28977276113224
5.133081436157227,44.17862046542149,-46.54329415037426,88.28977276113224
5.143465280532837,44.17862046542149,-46.54329415037426,88.28977276113224
5.155120134353638,46.659479950573,-48.302842568769705,85.57353586639096
5.1655051708221436,46.659479950573,-48.302842568769705,85.57353586639096
5.176301717758179,46.659479950573,-48.302842568769705,85.57353586639096
5.187077283859253,46.659479950573,-48.302842568769705,85.57353586639096
5.200052738189697,46.45031726341012,-48.24446271015802,85.72510677032649
5.210847616195679,46.45031726341012,-48.24446271015802,85.72510677032649
5.221618890762329,46.45031726341012,-48.24446271015802,85.72510677032649
5.232395172119141,46.45031726341012,-48.24446271015802,85.72510677032649
5.242795467376709,46.45031726341012,-48.24446271015802,85.72510677032649
5.254465341567993,43.825602309839255,-46.45820268598394,88.77267603438254
5.264849901199341,43.825602309839255,-46.45820268598394,88.77267603438254
5.275224924087524,43.825602309839255,-46.45820268598394,88.77267603438254
5.285598516464233,43.825602309839255,-46.45820268598394,88.77267603438254
5.297151327133179,36.52408579385038,-41.22930038155767,97.56180468373245
5.307923793792725,36.52408579385038,-41.22930038155767,97.56180468373245
5.318694114685059,36.52408579385038,-41.22930038155767,97.56180468373245
5.329521656036377,36.52408579385038,-41.22930038155767,97.56180468373245
5.3403027057647705,36.52408579385038,-41.22930038155767,97.56180468373245
5.353086709976196,32.408626670776584,-34.000204928783766,105.0093237345351
5.363494157791138,32.408626670776584,-34.000204928783766,105.0093237345351
5.373871326446533,32.408626670776584,-34.000204928783766,105.0093237345351
5.3842527866363525,32.408626670776584,-34.000204928783766,105.0093237345351
5.394629240036011,32.408626670776584,-34.000204928783766,105.0093237345351
5.406186580657959,30.333464711415846,-27.058433383762505,106.27057697413638
5.417108774185181,30.333464711415846,-27.058433383762505,106.27057697413638
5.427882432937622,30.333464711415846,-27.058433383762505,106.27057697413638
5.43865966796875,30.333464711415846,-27.058433383762505,106.27057697413638
5.452091932296753,27.567259727825665,-18.74451248806578,107.94870815836664
5.462903261184692,27.567259727825665,-18.74451248806578,107.94870815836664
5.4732818603515625,27.567259727825665,-18.74451248806578,107.94870815836664
5.4836626052856445,27.567259727825665,-18.74451248806578,107.94870815836664
5.49402642250061,27.567259727825665,-18.74451248806578,107.94870815836664
5.505609035491943,25.83652891747449,-12.234499832921536,108.3804482880245
5.5159900188446045,25.83652891747449,-12.234499832921536,108.3804482880245
5.526817083358765,25.83652891747449,-12.234499832921536,108.3804482880245
5.537590265274048,25.83652891747449,-12.234499832921536,108.3804482880245
5.550995826721191,24.657567930194872,-4.91577694721795,109.62819178558172
5.5617899894714355,24.657567930194872,-4.91577694721795,109.62819178558172
5.57258152961731,24.657567930194872,-4.91577694721795,109.62819178558172
5.583359241485596,24.657567930194872,-4.91577694721795,109.62819178558172
5.593767881393433,24.657567930194872,-4.91577694721795,109.62819178558172
5.605410099029541,23.94121423458796,1.1749986925557172,110.9693180476608
5.615784168243408,23.94121423458796,1.1749986925557172,110.9693180476608
5.62616229057312,23.94121423458796,1.1749986925557172,110.9693180476608
5.636535406112671,23.94121423458796,1.1749986925557172,110.9693180476608
5.649556636810303,23.41964971113006,5.871732478991213,112.2433297336414
5.660330295562744,23.41964971113006,5.871732478991213,112.2433297336414
5.671099662780762,23.41964971113006,5.871732478991213,112.2433297336414
5.681847810745239,23.41964971113006,5.871732478991213,112.2433297336414
5.692647695541382,23.41964971113006,5.871732478991213,112.2433297336414
5.7050018310546875,22.883427432138543,7.864641701956741,112.52686251698404
5.715374708175659,22.883427432138543,7.864641701956741,112.52686251698404
5.7257513999938965,22.883427432138543,7.864641701956741,112.52686251698404
5.736125946044922,22.883427432138543,7.864641701956741,112.52686251698404
5.748403787612915,22.53891016414982,8.437880241538789,112.67667530737089
5.759172439575195,22.53891016414982,8.437880241538789,112.67667530737089
5.769943714141846,22.53891016414982,8.437880241538789,112.67667530737089
5.780717611312866,22.53891016414982,8.437880241538789,112.67667530737089
5.7914979457855225,22.53891016414982,8.437880241538789,112.67667530737089
5.804784297943115,22.31224773328396,5.864375379914256,111.9487119278293
5.815177917480469,22.31224773328396,5.864375379914256,111.9487119278293
5.825557708740234,22.31224773328396,5.864375379914256,111.9487119278293
5.835920095443726,22.31224773328396,5.864375379914256,111.9487119278293
5.847485780715942,22.249952884491194,-4.421439576365596,107.6580179321554
5.858567953109741,22.249952884491194,-4.421439576365596,107.6580179321554
5.869340181350708,22.249952884491194,-4.421439576365596,107.6580179321554
5.880109548568726,22.249952884491194,-4.421439576365596,107.6580179321554
5.890881776809692,22.249952884491194,-4.421439576365596,107.6580179321554
5.903600454330444,26.932200144206433,-22.338849479449078,100.54807479841605
5.913987159729004,26.932200144206433,-22.338849479449078,100.54807479841605
5.9243669509887695,26.932200144206433,-22.338849479449078,100.54807479841605
5.934746265411377,26.932200144206433,-22.338849479449078,100.54807479841605
5.945141792297363,26.932200144206433,-22.338849479449078,100.54807479841605
5.956690549850464,32.64471340948132,-34.093322096212944,95.47278311586048
5.967486143112183,32.64471340948132,-34.093322096212944,95.47278311586048
5.978283166885376,32.64471340948132,-34.093322096212944,95.47278311586048
5.989053726196289,32.64471340948132,-34.093322096212944,95.47278311586048
6.002461671829224,40.44251938800253,-41.1472918695195,89.94754323815114
6.01338005065918,40.44251938800253,-41.1472918695195,89.94754323815114
6.024048566818237,40.44251938800253,-41.1472918695195,89.94754323815114
6.034431457519531,40.44251938800253,-41.1472918695195,89.94754323815114
6.044908046722412,40.44251938800253,-41.1472918695195,89.94754323815114
6.056566476821899,44.960665845212965,-43.709123656629075,87.00437551413594
6.0676374435424805,44.960665845212965,-43.709123656629075,87.00437551413594
6.07840371131897,44.960665845212965,-43.709123656629075,87.00437551413594
6.089174747467041,44.960665845212965,-43.709123656629075,87.00437551413594
6.102586030960083,43.73820383862198,-43.638570819449264,89.3022298372108
6.113374471664429,43.73820383862198,-43.638570819449264,89.3022298372108
6.124135732650757,43.73820383862198,-43.638570819449264,89.3022298372108
6.134497404098511,43.73820383862198,-43.638570819449264,89.3022298372108
6.144871950149536,43.73820383862198,-43.638570819449264,89.3022298372108
6.156399488449097,37.80557487499626,-39.35923851476602,96.06356312604325
6.166758298873901,37.80557487499626,-39.35923851476602,96.06356312604325
6.177114486694336,37.80557487499626,-39.35923851476602,96.06356312604325
6.187892436981201,37.80557487499626,-39.35923851476602,96.06356312604325
6.200879812240601,32.28251356007307,-32.937782492875385,101.85649309534926
6.211639404296875,32.28251356007307,-32.937782492875385,101.85649309534926
6.22237753868103,32.28251356007307,-32.937782492875385,101.85649309534926
6.233118534088135,32.28251356007307,-32.937782492875385,101.85649309534926
6.243872165679932,32.28251356007307,-32.937782492875385,101.85649309534926
6.255547761917114,28.564577142531054,-24.599852507799582,104.73088574666365
6.265902757644653,28.564577142531054,-24.599852507799582,104.73088574666365
6.276259183883667,28.564577142531054,-24.599852507799582,104.73088574666365
6.286614656448364,28.564577142531054,-24.599852507799582,104.73088574666365
6.2981414794921875,26.208987488909585,-17.833123425721745,107.23097494572525
6.3088929653167725,26.208987488909585,-17.833123425721745,107.23097494572525
6.31963586807251,26.208987488909585,-17.833123425721745,107.23097494572525
6.330382823944092,26.208987488909585,-17.833123425721745,107.23097494572525
6.3411524295806885,26.208987488909585,-17.833123425721745,107.23097494572525
6.354522228240967,26.751453075556594,-17.620894884854064,107.17629744141549
6.364928245544434,26.751453075556594,-17.620894884854064,107.17629744141549
6.375306606292725,26.751453075556594,-17.620894884854064,107.17629744141549
6.385667562484741,26.751453075556594,-17.620894884854064,107.17629744141549
6.39608097076416,26.751453075556594,-17.620894884854064,107.17629744141549
6.407634735107422,33.05375996750531,-29.238016069077805,97.94637328792169
6.4184181690216064,33.05375996750531,-29.238016069077805,97.94637328792169
6.429159879684448,33.05375996750531,-29.238016069077805,97.94637328792169
6.439904689788818,33.05375996750531,-29.238016069077805,97.94637328792169
6.453641653060913,45.26769035776159,-42.88412544440679,85.53886527096277
6.464430809020996,45.26769035776159,-42.88412544440679,85.53886527096277
6.474807500839233,45.26769035776159,-42.88412544440679,85.53886527096277
6.485175609588623,45.26769035776159,-42.88412544440679,85.53886527096277
6.495537757873535,45.26769035776159,-42.88412544440679,85.53886527096277
6.507164716720581,50.80445409549069,-45.93193149692265,81.81622189725614
6.517528772354126,50.80445409549069,-45.93193149692265,81.81622189725614
6.52834153175354,50.80445409549069,-45.93193149692265,81.81622189725614
6.539080858230591,50.80445409549069,-45.93193149692265,81.81622189725614
6.552433729171753,44.07201663767726,-41.07924312398204,90.6837682610628
6.563193082809448,44.07201663767726,-41.07924312398204,90.6837682610628
6.573932886123657,44.07201663767726,-41.07924312398204,90.6837682610628
6.5846946239471436,44.07201663767726,-41.07924312398204,90.6837682610628
6.595065116882324,44.07201663767726,-41.07924312398204,90.6837682610628
6.606869459152222,34.2479663177265,-34.92914301642456,100.98803425948009
6.6172263622283936,34.2479663177265,-34.92914301642456,100.98803425948009
6.627586126327515,34.2479663177265,-34.92914301642456,100.98803425948009
6.637942552566528,34.2479663177265,-34.92914301642456,100.98803425948009
6.650177240371704,29.089524642130897,-28.177226325542158,107.00494417089946
6.660938262939453,29.089524642130897,-28.177226325542158,107.00494417089946
6.67167854309082,29.089524642130897,-28.177226325542158,107.00494417089946
6.682425498962402,29.089524642130897,-28.177226325542158,107.00494417089946
6.69319486618042,29.089524642130897,-28.177226325542158,107.00494417089946
6.704731225967407,26.82288156013022,-22.131655406587804,109.81435926312433
6.7150983810424805,26.82288156013022,-22.131655406587804,109.81435926312433
6.725503206253052,26.82288156013022,-22.131655406587804,109.81435926312433
6.735878944396973,26.82288156013022,-22.131655406587804,109.81435926312433
6.746236562728882,26.82288156013022,-22.131655406587804,109.81435926312433
6.757777452468872,24.79967967325316,-16.909448030026873,111.1426366034831
6.768722295761108,24.79967967325316,-16.909448030026873,111.1426366034831
6.779468536376953,24.79967967325316,-16.909448030026873,111.1426366034831
6.790236949920654,24.79967967325316,-16.909448030026873,111.1426366034831
6.802897930145264,24.19244900879369,-14.986057862590334,111.40611911411028
6.813654184341431,24.19244900879369,-14.986057862590334,111.40611911411028
6.824415683746338,24.19244900879369,-14.986057862590334,111.40611911411028
6.835181951522827,24.19244900879369,-14.986057862590334,111.40611911411028
6.845566272735596,24.19244900879369,-14.986057862590334,111.40611911411028
6.857725381851196,24.758787738756777,-15.247569542331815,111.04188721573131
6.868089199066162,24.758787738756777,-15.247569542331815,111.04188721573131
6.878947019577026,24.758787738756777,-15.247569542331815,111.04188721573131
6.889688730239868,24.758787738756777,-15.247569542331815,111.04188721573131
6.9030632972717285,24.916212372991513,-15.052154112384828,111.03650771237709
6.913829565048218,24.916212372991513,-15.052154112384828,111.03650771237709
6.9245688915252686,24.916212372991513,-15.052154112384828,111.03650771237709
6.935333490371704,24.916212372991513,-15.052154112384828,111.03650771237709
6.945709228515625,24.916212372991513,-15.052154112384828,111.03650771237709
6.9576475620269775,24.891953973709867,-14.935866393661115,110.91773957008041
6.968006134033203,24.891953973709867,-14.935866393661115,110.91773957008041
6.9790778160095215,24.891953973709867,-14.935866393661115,110.91773957008041
6.989844799041748,24.891953973709867,-14.935866393661115,110.91773957008041
7.002506256103516,24.49148755791299,-14.387693024989325,111.01280503699098
7.013254165649414,24.49148755791299,-14.387693024989325,111.01280503699098
7.0239927768707275,24.49148755791299,-14.387693024989325,111.01280503699098
7.034734010696411,24.49148755791299,-14.387693024989325,111.01280503699098
7.045095682144165,24.49148755791299,-14.387693024989325,111.01280503699098
7.057187795639038,24.447029510293504,-14.541018687186948,110.80427798939266
7.067614316940308,24.447029510293504,-14.541018687186948,110.80427798939266
7.078051805496216,24.447029510293504,-14.541018687186948,110.80427798939266
7.088441371917725,24.447029510293504,-14.541018687186948,110.80427798939266
7.100727081298828,24.272940187427857,-14.371016338345694,110.78737994768552
7.111485242843628,24.272940187427857,-14.371016338345694,110.78737994768552
7.122226715087891,24.272940187427857,-14.371016338345694,110.78737994768552
7.132967948913574,24.272940187427857,-14.371016338345694,110.78737994768552
7.143712282180786,24.272940187427857,-14.371016338345694,110.78737994768552
7.156935930252075,24.138616607995694,-14.470842550407696,110.71820881949132
7.167539119720459,24.138616607995694,-14.470842550407696,110.71820881949132
7.1778974533081055,24.138616607995694,-14.470842550407696,110.71820881949132
7.188253164291382,24.138616607995694,-14.470842550407696,110.71820881949132
7.1998937129974365,24.04374122908701,-14.42886300748405,110.73081462494628
7.210636377334595,24.04374122908701,-14.42886300748405,110.73081462494628
7.221374988555908,24.04374122908701,-14.42886300748405,110.73081462494628
7.232123136520386,24.04374122908701,-14.42886300748405,110.73081462494628
7.242894887924194,24.04374122908701,-14.42886300748405,110.73081462494628
7.255610704421997,23.936043869272588,-14.41030827010479,110.70724619151105
7.265978097915649,23.936043869272588,-14.41030827010479,110.70724619151105
7.276341915130615,23.936043869272588,-14.41030827010479,110.70724619151105
7.286699533462524,23.936043869272588,-14.41030827010479,110.70724619151105
7.297057390213013,23.936043869272588,-14.41030827010479,110.70724619151105
7.30862283706665,23.67027172391137,-13.974296084229858,110.84297549210503
7.3196094036102295,23.67027172391137,-13.974296084229858,110.84297549210503
7.330355882644653,23.67027172391137,-13.974296084229858,110.84297549210503
7.341124057769775,23.67027172391137,-13.974296084229858,110.84297549210503
7.354503631591797,23.741146881021848,-14.141498520818752,110.78712576273516
7.365262031555176,23.741146881021848,-14.141498520818752,110.78712576273516
7.376025676727295,23.741146881021848,-14.141498520818752,110.78712576273516
7.38639497756958,23.741146881021848,-14.141498520818752,110.78712576273516
7.396786212921143,23.741146881021848,-14.141498520818752,110.78712576273516
7.408517837524414,23.766279347421364,-13.945571558931546,110.85196541919431
7.418875217437744,23.766279347421364,-13.945571558931546,110.85196541919431
7.4297144412994385,23.766279347421364,-13.945571558931546,110.85196541919431
7.44045615196228,23.766279347421364,-13.945571558931546,110.85196541919431
7.453164339065552,23.87112152533105,-13.892313892691435,110.84322742773138
7.46392560005188,23.87112152533105,-13.892313892691435,110.84322742773138
7.474668741226196,23.87112152533105,-13.892313892691435,110.84322742773138
7.485436916351318,23.87112152533105,-13.892313892691435,110.84322742773138
7.49621319770813,23.87112152533105,-13.892313892691435,110.84322742773138
7.507842063903809,24.00812900043073,-13.922876782192162,110.76327753054139
7.518205404281616,24.00812900043073,-13.922876782192162,110.76327753054139
7.528564453125,24.00812900043073,-13.922876782192162,110.76327753054139
7.538922309875488,24.00812900043073,-13.922876782192162,110.76327753054139
7.551181793212891,24.14533677954296,-14.115086386419726,110.62538684023019
7.561944246292114,24.14533677954296,-14.115086386419726,110.62538684023019
7.572682857513428,24.14533677954296,-14.115086386419726,110.62538684023019
7.583432674407959,24.14533677954296,-14.115086386419726,110.62538684023019
7.594208478927612,24.14533677954296,-14.115086386419726,110.62538684023019
7.607506036758423,24.297001313717303,-14.378154082897465,110.49004003697316
7.6178810596466064,24.297001313717303,-14.378154082897465,110.49004003697316
7.628238677978516,24.297001313717303,-14.378154082897465,110.49004003697316
7.638595342636108,24.297001313717303,-14.378154082897465,110.49004003697316
7.650123119354248,24.387908738615746,-14.563939338069426,110.39274290537861
7.66087794303894,24.387908738615746,-14.563939338069426,110.39274290537861
7.6715474128723145,24.387908738615746,-14.563939338069426,110.39274290537861
7.682302236557007,24.387908738615746,-14.563939338069426,110.39274290537861
7.693083047866821,24.387908738615746,-14.563939338069426,110.39274290537861
7.705988168716431,24.73030362890672,-15.231781757665456,110.00192538826266
7.716595411300659,24.73030362890672,-15.231781757665456,110.00192538826266
7.726964950561523,24.73030362890672,-15.231781757665456,110.00192538826266
7.737341642379761,24.73030362890672,-15.231781757665456,110.00192538826266
7.747697591781616,24.73030362890672,-15.231781757665456,110.00192538826266
7.759340047836304,25.3056769313688,-16.14432354342579,109.34929813750612
7.770280599594116,25.3056769313688,-16.14432354342579,109.34929813750612
7.781022071838379,25.3056769313688,-16.14432354342579,109.34929813750612
7.791766166687012,25.3056769313688,-16.14432354342579,109.34929813750612
7.805145025253296,25.727394529815772,-16.73210889410428,108.90155072321716
7.815907001495361,25.727394529815772,-16.73210889410428,108.90155072321716
7.82666277885437,25.727394529815772,-16.73210889410428,108.90155072321716
7.837026357650757,25.727394529815772,-16.73210889410428,108.90155072321716
7.8473961353302,25.727394529815772,-16.73210889410428,108.90155072321716
7.859189748764038,26.51149480459524,-18.000601961682975,108.09844913654612
7.869550943374634,26.51149480459524,-18.000601961682975,108.09844913654612
7.88036036491394,26.51149480459524,-18.000601961682975,108.09844913654612
7.890850305557251,26.51149480459524,-18.000601961682975,108.09844913654612
7.90237832069397,29.44107356020336,-23.42080813583564,104.30739329821259
7.913130283355713,29.44107356020336,-23.42080813583564,104.30739329821259
7.923871994018555,29.44107356020336,-23.42080813583564,104.30739329821259
7.934837102890015,29.44107356020336,-23.42080813583564,104.30739329821259
7.94559907913208,29.44107356020336,-23.42080813583564,104.30739329821259
7.958061218261719,31.83303684343143,-27.529981195820476,100.7380988896696
7.9684154987335205,31.83303684343143,-27.529981195820476,100.7380988896696
7.978772401809692,31.83303684343143,-27.529981195820476,100.7380988896696
7.989125490188599,31.83303684343143,-27.529981195820476,100.7380988896696
8.000645637512207,32.63573404838466,-28.52334212240857,99.76904998026421
8.011390924453735,32.63573404838466,-28.52334212240857,99.76904998026421
8.022133111953735,32.63573404838466,-28.52334212240857,99.76904998026421
8.032874345779419,32.63573404838466,-28.52334212240857,99.76904998026421
8.04361629486084,32.63573404838466,-28.52334212240857,99.76904998026421
8.057018518447876,32.35457616212506,-27.82396439587924,100.37312132384274
8.067397832870483,32.35457616212506,-27.82396439587924,100.37312132384274
8.07776951789856,32.35457616212506,-27.82396439587924,100.37312132384274
8.088123559951782,32.35457616212506,-27.82396439587924,100.37312132384274
8.098566770553589,32.35457616212506,-27.82396439587924,100.37312132384274
8.110186576843262,31.334020874719517,-25.648044997144726,102.20718096776298
8.12095046043396,31.334020874719517,-25.648044997144726,102.20718096776298
8.131786346435547,31.334020874719517,-25.648044997144726,102.20718096776298
8.142656564712524,31.334020874719517,-25.648044997144726,102.20718096776298
8.15421748161316,28.87528764649681,-22.316557387047805,104.97165046980624
8.164985656738281,28.87528764649681,-22.316557387047805,104.97165046980624
8.175755977630615,28.87528764649681,-22.316557387047805,104.97165046980624
8.186499834060669,28.87528764649681,-22.316557387047805,104.97165046980624
8.197269439697266,28.87528764649681,-22.316557387047805,104.97165046980624
8.208948373794556,26.694275067310816,-19.97527140029126,106.84971479050822
8.219312191009521,26.694275067310816,-19.97527140029126,106.84971479050822
8.22969913482666,26.694275067310816,-19.97527140029126,106.84971479050822
8.240057468414307,26.694275067310816,-19.97527140029126,106.84971479050822
8.251585245132446,25.06984579568736,-18.80497921701227,107.71834792221202
8.262331485748291,25.06984579568736,-18.80497921701227,107.71834792221202
8.273072481155396,25.06984579568736,-18.80497921701227,107.71834792221202
8.283813953399658,25.06984579568736,-18.80497921701227,107.71834792221202
8.294555425643921,25.06984579568736,-18.80497921701227,107.71834792221202
8.306478023529053,22.759792538929307,-17.809844104062524,108.37371428315626
8.31725001335144,22.759792538929307,-17.809844104062524,108.37371428315626
8.327616214752197,22.759792538929307,-17.809844104062524,108.37371428315626
8.337976694107056,22.759792538929307,-17.809844104062524,108.37371428315626
8.348369836807251,22.759792538929307,-17.809844104062524,108.37371428315626
8.360136032104492,19.54166401088579,-15.964394403339773,109.28201661850535
8.37131118774414,19.54166401088579,-15.964394403339773,109.28201661850535
8.382149457931519,19.54166401088579,-15.964394403339773,109.28201661850535
8.393254041671753,19.54166401088579,-15.964394403339773,109.28201661850535
8.406660079956055,16.47169822302324,-14.662351926669256,109.84929930275177
8.417657613754272,16.47169822302324,-14.662351926669256,109.84929930275177
8.42803144454956,16.47169822302324,-14.662351926669256,109.84929930275177
8.438406944274902,16.47169822302324,-14.662351926669256,109.84929930275177
8.448765277862549,16.47169822302324,-14.662351926669256,109.84929930275177
8.46052098274231,13.315426898796792,-13.44238494625629,110.56643213114901
8.471498966217041,13.315426898796792,-13.44238494625629,110.56643213114901
8.482485055923462,13.315426898796792,-13.44238494625629,110.56643213114901
8.493231296539307,13.315426898796792,-13.44238494625629,110.56643213114901
8.505921840667725,10.162814110860937,-12.18562516372887,111.40792447630763
8.516911029815674,10.162814110860937,-12.18562516372887,111.40792447630763
8.52791690826416,10.162814110860937,-12.18562516372887,111.40792447630763
8.538496255874634,10.162814110860937,-12.18562516372887,111.40792447630763
8.548866033554077,10.162814110860937,-12.18562516372887,111.40792447630763
8.560413599014282,6.870668308839218,-11.674938225794902,111.84727135547512
8.571450471878052,6.870668308839218,-11.674938225794902,111.84727135547512
8.582425594329834,6.870668308839218,-11.674938225794902,111.84727135547512
8.593381881713867,6.870668308839218,-11.674938225794902,111.84727135547512
8.606788873672485,2.3988570773546694,-10.996212751825253,111.04816702048856
8.617787599563599,2.3988570773546694,-10.996212751825253,111.04816702048856
8.628369331359863,2.3988570773546694,-10.996212751825253,111.04816702048856
8.638947486877441,2.3988570773546694,-10.996212751825253,111.04816702048856
8.649523735046387,2.3988570773546694,-10.996212751825253,111.04816702048856
8.661272764205933,0.5221519839073523,-10.033290694367453,110.26721667695544
8.672238111495972,0.5221519839073523,-10.033290694367453,110.26721667695544
8.68323040008545,0.5221519839073523,-10.033290694367453,110.26721667695544
8.694212675094604,0.5221519839073523,-10.033290694367453,110.26721667695544
8.707849979400635,3.1186153542907946,-12.135324242703547,112.17325657151659
8.718451976776123,3.1186153542907946,-12.135324242703547,112.17325657151659
8.729050636291504,3.1186153542907946,-12.135324242703547,112.17325657151659
8.73963212966919,3.1186153542907946,-12.135324242703547,112.17325657151659
8.750208616256714,3.1186153542907946,-12.135324242703547,112.17325657151659
8.762696981430054,2.962431064108177,-21.39279305728027,114.60401556683094
8.77367353439331,2.962431064108177,-21.39279305728027,114.60401556683094
8.784631252288818,2.962431064108177,-21.39279305728027,114.60401556683094
8.795372486114502,2.962431064108177,-21.39279305728027,114.60401556683094
8.808083772659302,-4.502130402434083,-4.795605162034366,119.27594365622313
8.818670749664307,-4.502130402434083,-4.795605162034366,119.27594365622313
8.829277753829956,-4.502130402434083,-4.795605162034366,119.27594365622313
8.839877128601074,-4.502130402434083,-4.795605162034366,119.27594365622313
8.85045838356018,-4.502130402434083,-4.795605162034366,119.27594365622313
8.862925291061401,-5.080723001720928,-2.6420277735942537,122.55249165681272
8.873892784118652,-5.080723001720928,-2.6420277735942537,122.55249165681272
8.884878396987915,-5.080723001720928,-2.6420277735942537,122.55249165681272
8.895864248275757,-5.080723001720928,-2.6420277735942537,122.55249165681272
8.908583164215088,-3.597298590890683,-4.49534901646667,123.72368909926857
8.918964385986328,-3.597298590890683,-4.49534901646667,123.72368909926857
8.929323196411133,-3.597298590890683,-4.49534901646667,123.72368909926857
8.939897775650024,-3.597298590890683,-4.49534901646667,123.72368909926857
8.950472831726074,-3.597298590890683,-4.49534901646667,123.72368909926857
8.962746620178223,-5.002637675902082,-1.4591347877700567,123.15686769427735
8.973711252212524,-5.002637675902082,-1.4591347877700567,123.15686769427735
8.984667301177979,-5.002637675902082,-1.4591347877700567,123.15686769427735
8.995623111724854,-5.002637675902082,-1.4591347877700567,123.15686769427735
9.008332252502441,-4.315413322718737,-3.267797030632097,123.59822160730334
9.018910646438599,-4.315413322718737,-3.267797030632097,123.59822160730334
9.029500007629395,-4.315413322718737,-3.267797030632097,123.59822160730334
9.04007887840271,-4.315413322718737,-3.267797030632097,123.59822160730334
9.050662755966187,-4.315413322718737,-3.267797030632097,123.59822160730334
9.063865661621094,-4.301975144275666,-1.483310528171137,123.56556570125898
9.074843168258667,-4.301975144275666,-1.483310528171137,123.56556570125898
9.085801124572754,-4.301975144275666,-1.483310528171137,123.56556570125898
9.096786737442017,-4.301975144275666,-1.483310528171137,123.56556570125898
9.110004186630249,-4.290722235845303,-2.4528079545512607,123.58990917767613
9.120445489883423,-4.290722235845303,-2.4528079545512607,123.58990917767613
9.130852222442627,-4.290722235845303,-2.4528079545512607,123.58990917767613
9.141230821609497,-4.290722235845303,-2.4528079545512607,123.58990917767613
9.153027772903442,-4.247978890661582,-1.4054865244272674,123.59002815606736
9.164016962051392,-4.247978890661582,-1.4054865244272674,123.59002815606736
9.175009727478027,-4.247978890661582,-1.4054865244272674,123.59002815606736
9.185988426208496,-4.247978890661582,-1.4054865244272674,123.59002815606736
9.196974515914917,-4.247978890661582,-1.4054865244272674,123.59002815606736
9.210286378860474,-4.346791912967237,-1.7849381594850644,123.5741336474799
9.220882415771484,-4.346791912967237,-1.7849381594850644,123.5741336474799
9.231480836868286,-4.346791912967237,-1.7849381594850644,123.5741336474799
9.242079973220825,-4.346791912967237,-1.7849381594850644,123.5741336474799
9.255117177963257,-4.251890417520705,-1.2651276863844936,123.58020949973695
9.266124725341797,-4.251890417520705,-1.2651276863844936,123.58020949973695
9.277111768722534,-4.251890417520705,-1.2651276863844936,123.58020949973695
9.288097381591797,-4.251890417520705,-1.2651276863844936,123.58020949973695
9.29910659790039,-4.251890417520705,-1.2651276863844936,123.58020949973695
9.311250448226929,-4.185252924916481,-1.4331470319085844,123.64287042425663
9.321830034255981,-4.185252924916481,-1.4331470319085844,123.64287042425663
9.332415580749512,-4.185252924916481,-1.4331470319085844,123.64287042425663
9.343397378921509,-4.185252924916481,-1.4331470319085844,123.64287042425663
9.35676646232605,-4.174668990419594,-1.1271828402009965,123.60973991570165
9.367744445800781,-4.174668990419594,-1.1271828402009965,123.60973991570165
9.37873125076294,-4.174668990419594,-1.1271828402009965,123.60973991570165
9.3893404006958,-4.174668990419594,-1.1271828402009965,123.60973991570165
9.39992380142212,-4.174668990419594,-1.1271828402009965,123.60973991570165
9.411562204360962,-4.160535718028501,-1.1828149372449612,123.61508346282777
9.421931743621826,-4.160535718028501,-1.1828149372449612,123.61508346282777
9.433020114898682,-4.160535718028501,-1.1828149372449612,123.61508346282777
9.443768739700317,-4.160535718028501,-1.1828149372449612,123.61508346282777
9.456419229507446,-4.011563781391971,-1.044594002065328,123.68455354131756
9.467085599899292,-4.011563781391971,-1.044594002065328,123.68455354131756
9.47806429862976,-4.011563781391971,-1.044594002065328,123.68455354131756
9.488733053207397,-4.011563781391971,-1.044594002065328,123.68455354131756
9.499419927597046,-4.011563781391971,-1.044594002065328,123.68455354131756
9.511556625366211,-4.103939663942232,-0.976708005548731,123.64277948918813
9.521927118301392,-4.103939663942232,-0.976708005548731,123.64277948918813
9.532904624938965,-4.103939663942232,-0.976708005548731,123.64277948918813
9.543670177459717,-4.103939663942232,-0.976708005548731,123.64277948918813
9.556328296661377,-4.099338150467295,-0.8073806929694566,123.64729976595838
9.567293167114258,-4.099338150467295,-0.8073806929694566,123.64729976595838
9.57834506034851,-4.099338150467295,-0.8073806929694566,123.64729976595838
9.589349269866943,-4.099338150467295,-0.8073806929694566,123.64729976595838
9.599931716918945,-4.099338150467295,-0.8073806929694566,123.64729976595838
9.611847162246704,-4.126042081301886,-0.7427910721739567,123.63374604283938
9.622423887252808,-4.126042081301886,-0.7427910721739567,123.63374604283938
9.633394241333008,-4.126042081301886,-0.7427910721739567,123.63374604283938
9.644378662109375,-4.126042081301886,-0.7427910721739567,123.63374604283938
9.657773971557617,-4.161353279430372,-0.6033110859362816,123.6258640997382
9.668761014938354,-4.161353279430372,-0.6033110859362816,123.6258640997382
9.679768323898315,-4.161353279430372,-0.6033110859362816,123.6258640997382
9.690357685089111,-4.161353279430372,-0.6033110859362816,123.6258640997382
9.70095181465149,-4.161353279430372,-0.6033110859362816,123.6258640997382
9.71271824836731,-4.1730180244135,-0.5223361336022755,123.62299824857146
9.723693609237671,-4.1730180244135,-0.5223361336022755,123.62299824857146
9.734676837921143,-4.1730180244135,-0.5223361336022755,123.62299824857146
9.74563217163086,-4.1730180244135,-0.5223361336022755,123.62299824857146
9.758321046829224,-4.2105816404569705,-0.4080419384117125,123.60787539757256
9.76928424835205,-4.2105816404569705,-0.4080419384117125,123.60787539757256
9.779953956604004,-4.2105816404569705,-0.4080419384117125,123.60787539757256
9.790535688400269,-4.2105816404569705,-0.4080419384117125,123.60787539757256
9.800897598266602,-4.2105816404569705,-0.4080419384117125,123.60787539757256
9.812654495239258,-4.417949889239954,-0.3766616056725523,123.5969430285644
9.82369351387024,-4.417949889239954,-0.3766616056725523,123.5969430285644
9.834655046463013,-4.417949889239954,-0.3766616056725523,123.5969430285644
9.845647096633911,-4.417949889239954,-0.3766616056725523,123.5969430285644
9.85832166671753,-4.498614963474555,-0.3010466685974655,123.59323730306073
9.869288682937622,-4.498614963474555,-0.3010466685974655,123.59323730306073
9.880079984664917,-4.498614963474555,-0.3010466685974655,123.59323730306073
9.890650033950806,-4.498614963474555,-0.3010466685974655,123.59323730306073
9.901246547698975,-4.498614963474555,-0.3010466685974655,123.59323730306073
9.912791967391968,-4.5700113522922585,-0.21278991011588702,123.58023605723363
9.923673391342163,-4.5700113522922585,-0.21278991011588702,123.58023605723363
9.934441804885864,-4.5700113522922585,-0.21278991011588702,123.58023605723363
9.945210933685303,-4.5700113522922585,-0.21278991011588702,123.58023605723363
9.958607196807861,-4.644174058285033,-0.13375870422223243,123.57111674975003
9.969386577606201,-4.644174058285033,-0.13375870422223243,123.57111674975003
9.980235815048218,-4.644174058285033,-0.13375870422223243,123.57111674975003
9.990833759307861,-4.644174058285033,-0.13375870422223243,123.57111674975003
10.001427412033081,-4.644174058285033,-0.13375870422223243,123.57111674975003
10.013191223144531,-4.709694197780176,-0.042095740302455234,123.56616752345671
10.024284362792969,-4.709694197780176,-0.042095740302455234,123.56616752345671
10.035268068313599,-4.709694197780176,-0.042095740302455234,123.56616752345671
10.046255350112915,-4.709694197780176,-0.042095740302455234,123.56616752345671
10.060430765151978,-4.732494697535393,0.001772434089901001,123.57539792967073
10.071049928665161,-4.732494697535393,0.001772434089901001,123.57539792967073
10.081640243530273,-4.732494697535393,0.001772434089901001,123.57539792967073
10.092220783233643,-4.732494697535393,0.001772434089901001,123.57539792967073
10.10396957397461,-4.743004298285447,0.03625763474211444,123.58618805654167
10.114967107772827,-4.743004298285447,0.03625763474211444,123.58618805654167
10.125934839248657,-4.743004298285447,0.03625763474211444,123.58618805654167
10.136919736862183,-4.743004298285447,0.03625763474211444,123.58618805654167
10.14775276184082,-4.743004298285447,0.03625763474211444,123.58618805654167
10.160560846328735,-4.7438768086136385,0.0681431058664992,123.60018451246769
10.17119288444519,-4.7438768086136385,0.0681431058664992,123.60018451246769
10.181777000427246,-4.7438768086136385,0.0681431058664992,123.60018451246769
10.19235873222351,-4.7438768086136385,0.0681431058664992,123.60018451246769
10.202690839767456,-4.7438768086136385,0.0681431058664992,123.60018451246769
10.214962720870972,-4.7382263275780785,0.08810392548522283,123.62630990327807
10.225938558578491,-4.7382263275780785,0.08810392548522283,123.62630990327807
10.236923456192017,-4.7382263275780785,0.08810392548522283,123.62630990327807
10.2479088306427,-4.7382263275780785,0.08810392548522283,123.62630990327807
10.260653734207153,-4.73245898695856,0.10766945789839166,123.64060175924816
10.271238565444946,-4.73245898695856,0.10766945789839166,123.64060175924816
10.281815528869629,-4.73245898695856,0.10766945789839166,123.64060175924816
10.292394876480103,-4.73245898695856,0.10766945789839166,123.64060175924816
10.302978277206421,-4.73245898695856,0.10766945789839166,123.64060175924816
10.316030502319336,-4.729998471306651,0.13339371499657085,123.65476166342937
10.326802730560303,-4.729998471306651,0.13339371499657085,123.65476166342937
10.337571382522583,-4.729998471306651,0.13339371499657085,123.65476166342937
10.348345041275024,-4.729998471306651,0.13339371499657085,123.65476166342937
10.361061811447144,-4.727091745928379,0.1434973018350447,123.66954251727135
10.37163496017456,-4.727091745928379,0.1434973018350447,123.66954251727135
10.381996154785156,-4.727091745928379,0.1434973018350447,123.66954251727135
10.392356872558594,-4.727091745928379,0.1434973018350447,123.66954251727135
10.402726173400879,-4.727091745928379,0.1434973018350447,123.66954251727135
10.414995908737183,-4.715089242421684,0.1669983616571458,123.69877989561232
10.425755977630615,-4.715089242421684,0.1669983616571458,123.69877989561232
10.436496019363403,-4.715089242421684,0.1669983616571458,123.69877989561232
10.447237730026245,-4.715089242421684,0.1669983616571458,123.69877989561232
10.459919691085815,-4.501621310814723,0.15930156102651793,123.8314681532135
10.470710277557373,-4.501621310814723,0.15930156102651793,123.8314681532135
10.4810791015625,-4.501621310814723,0.15930156102651793,123.8314681532135
10.49144172668457,-4.501621310814723,0.15930156102651793,123.8314681532135
10.50180196762085,-4.501621310814723,0.15930156102651793,123.8314681532135
10.513420104980469,-4.730738637396372,0.16488312857710727,123.65694839217561
10.523834228515625,-4.730738637396372,0.16488312857710727,123.65694839217561
10.534612655639648,-4.730738637396372,0.16488312857710727,123.65694839217561
10.54559850692749,-4.730738637396372,0.16488312857710727,123.65694839217561
10.559733152389526,-4.524520516111181,0.1837597244617213,123.75475526389089
10.570734024047852,-4.524520516111181,0.1837597244617213,123.75475526389089
10.581310987472534,-4.524520516111181,0.1837597244617213,123.75475526389089
10.59188437461853,-4.524520516111181,0.1837597244617213,123.75475526389089
10.602458477020264,-4.524520516111181,0.1837597244617213,123.75475526389089
10.614204168319702,-4.562288636042172,0.19610109034946432,123.7741965685236
10.625186681747437,-4.562288636042172,0.19610109034946432,123.7741965685236
10.636142015457153,-4.562288636042172,0.19610109034946432,123.7741965685236
10.647098302841187,-4.562288636042172,0.19610109034946432,123.7741965685236
10.660475254058838,-4.634888872826523,0.2129102930306944,123.7758327623686
10.671283483505249,-4.634888872826523,0.2129102930306944,123.7758327623686
10.681864976882935,-4.634888872826523,0.2129102930306944,123.7758327623686
10.692442893981934,-4.634888872826523,0.2129102930306944,123.7758327623686
10.703020095825195,-4.634888872826523,0.2129102930306944,123.7758327623686
10.716072797775269,-4.584948799888149,0.22425446603892174,123.78912126103268
10.727050304412842,-4.584948799888149,0.22425446603892174,123.78912126103268
10.738007545471191,-4.584948799888149,0.22425446603892174,123.78912126103268
10.748993635177612,-4.584948799888149,0.22425446603892174,123.78912126103268
10.762321949005127,-4.591557373096059,0.23658391099048118,123.78885393502325
10.772938013076782,-4.591557373096059,0.23658391099048118,123.78885393502325
10.783518075942993,-4.591557373096059,0.23658391099048118,123.78885393502325
10.794093608856201,-4.591557373096059,0.23658391099048118,123.78885393502325
10.806570768356323,-4.526081629610642,0.24970823768708358,123.84065030743298
10.817534446716309,-4.526081629610642,0.24970823768708358,123.84065030743298
10.828518629074097,-4.526081629610642,0.24970823768708358,123.84065030743298
10.839478969573975,-4.526081629610642,0.24970823768708358,123.84065030743298
10.85041069984436,-4.526081629610642,0.24970823768708358,123.84065030743298
10.862843990325928,-4.566816553831562,0.251378234905543,123.8299803935922
10.873444557189941,-4.566816553831562,0.251378234905543,123.8299803935922
10.884042978286743,-4.566816553831562,0.251378234905543,123.8299803935922
10.89462161064148,-4.566816553831562,0.251378234905543,123.8299803935922
10.907099723815918,-4.560632149370557,0.2546678568417391,123.8296648602818
10.917873620986938,-4.560632149370557,0.2546678568417391,123.8296648602818
10.928643226623535,-4.560632149370557,0.2546678568417391,123.8296648602818
10.939602375030518,-4.560632149370557,0.2546678568417391,123.8296648602818
10.950375080108643,-4.560632149370557,0.2546678568417391,123.8296648602818
10.962693691253662,-4.558261568406283,0.2801285182309863,123.84048465156498
10.973059892654419,-4.558261568406283,0.2801285182309863,123.84048465156498
10.983425378799438,-4.558261568406283,0.2801285182309863,123.84048465156498
10.993788719177246,-4.558261568406283,0.2801285182309863,123.84048465156498
11.005376815795898,-4.548992247322022,0.2937293029916961,123.8584437029052
11.016177892684937,-4.548992247322022,0.2937293029916961,123.8584437029052
11.026942253112793,-4.548992247322022,0.2937293029916961,123.8584437029052
11.037710189819336,-4.548992247322022,0.2937293029916961,123.8584437029052
11.048453569412231,-4.548992247322022,0.2937293029916961,123.8584437029052
11.0618736743927,-4.517951558405144,0.31139924881818615,123.88746602191472
11.072259426116943,-4.517951558405144,0.31139924881818615,123.88746602191472
11.08261513710022,-4.517951558405144,0.31139924881818615,123.88746602191472
11.092971563339233,-4.517951558405144,0.31139924881818615,123.88746602191472
11.103328227996826,-4.517951558405144,0.31139924881818615,123.88746602191472
11.11487627029419,-4.527436218936854,0.3142807778273661,123.88764294316921
11.1256263256073,-4.527436218936854,0.3142807778273661,123.88764294316921
11.13636827468872,-4.527436218936854,0.3142807778273661,123.88764294316921
11.147115468978882,-4.527436218936854,0.3142807778273661,123.88764294316921
11.16051983833313,-4.524636676844426,0.324116402876934,123.8990518824341
11.17138409614563,-4.524636676844426,0.324116402876934,123.8990518824341
11.181867837905884,-4.524636676844426,0.324116402876934,123.8990518824341
11.192248582839966,-4.524636676844426,0.324116402876934,123.8990518824341
11.202622413635254,-4.524636676844426,0.324116402876934,123.8990518824341
11.214184761047363,-4.499831711619113,0.33787220654741223,123.91311830727817
11.224548578262329,-4.499831711619113,0.33787220654741223,123.91311830727817
11.23564338684082,-4.499831711619113,0.33787220654741223,123.91311830727817
11.24641227722168,-4.499831711619113,0.33787220654741223,123.91311830727817
11.259088039398193,-4.499916827287274,0.3382521424334278,123.92496562722576
11.269850969314575,-4.499916827287274,0.3382521424334278,123.92496562722576
11.28062105178833,-4.499916827287274,0.3382521424334278,123.92496562722576
11.291369438171387,-4.499916827287274,0.3382521424334278,123.92496562722576
11.302035808563232,-4.499916827287274,0.3382521424334278,123.92496562722576
11.31363844871521,-4.484655027263568,0.3542747782155816,123.92392800301943
11.323999643325806,-4.484655027263568,0.3542747782155816,123.92392800301943
11.334357976913452,-4.484655027263568,0.3542747782155816,123.92392800301943
11.344719409942627,-4.484655027263568,0.3542747782155816,123.92392800301943
11.356287956237793,-4.469327873515542,0.37090576815188664,123.93818941110386
11.367044925689697,-4.469327873515542,0.37090576815188664,123.93818941110386
11.37778615951538,-4.469327873515542,0.37090576815188664,123.93818941110386
11.388528108596802,-4.469327873515542,0.37090576815188664,123.93818941110386
11.399297714233398,-4.469327873515542,0.37090576815188664,123.93818941110386
11.412007093429565,-4.4786632185583795,0.3740221078081595,123.94180480819355
11.422368288040161,-4.4786632185583795,0.3740221078081595,123.94180480819355
11.432730913162231,-4.4786632185583795,0.3740221078081595,123.94180480819355
11.443086624145508,-4.4786632185583795,0.3740221078081595,123.94180480819355
11.45344352722168,-4.4786632185583795,0.3740221078081595,123.94180480819355
11.464996576309204,-4.4002653209631974,0.3775777246391813,123.98192041075926
11.475990295410156,-4.4002653209631974,0.3775777246391813,123.98192041075926
11.486731052398682,-4.4002653209631974,0.3775777246391813,123.98192041075926
11.497482299804688,-4.4002653209631974,0.3775777246391813,123.98192041075926
11.511669874191284,-4.381849651304109,0.38719612586854657,123.97759431333715
11.522370338439941,-4.381849651304109,0.38719612586854657,123.97759431333715
11.532735586166382,-4.381849651304109,0.38719612586854657,123.97759431333715
11.543099641799927,-4.381849651304109,0.38719612586854657,123.97759431333715
11.553467512130737,-4.381849651304109,0.38719612586854657,123.97759431333715
11.565011739730835,-4.400959704686947,0.3927487713938919,123.9744775157637
11.575371503829956,-4.400959704686947,0.3927487713938919,123.9744775157637
11.586155891418457,-4.400959704686947,0.3927487713938919,123.9744775157637
11.596895694732666,-4.400959704686947,0.3927487713938919,123.9744775157637
11.61027717590332,-4.376140929201376,0.4064722359098917,123.98861167144894
11.621035814285278,-4.376140929201376,0.4064722359098917,123.98861167144894
11.631776094436646,-4.376140929201376,0.4064722359098917,123.98861167144894
11.642537832260132,-4.376140929201376,0.4064722359098917,123.98861167144894
11.652896881103516,-4.376140929201376,0.4064722359098917,123.98861167144894
11.664933204650879,-4.341764043655659,0.416928671711285,123.99074802440562
11.675293922424316,-4.341764043655659,0.416928671711285,123.99074802440562
11.686373233795166,-4.341764043655659,0.416928671711285,123.99074802440562
11.697115659713745,-4.341764043655659,0.416928671711285,123.99074802440562
11.710492849349976,-4.329389879661619,0.4234900986488781,123.99017737097795
11.721256256103516,-4.329389879661619,0.4234900986488781,123.99017737097795
11.731993913650513,-4.329389879661619,0.4234900986488781,123.99017737097795
11.742695331573486,-4.329389879661619,0.4234900986488781,123.99017737097795
11.753055810928345,-4.329389879661619,0.4234900986488781,123.99017737097795
11.76509404182434,-4.329463948045618,0.4238580851508877,124.00202749349069
11.775450944900513,-4.329463948045618,0.4238580851508877,124.00202749349069
11.786495208740234,-4.329463948045618,0.4238580851508877,124.00202749349069
11.797237873077393,-4.329463948045618,0.4238580851508877,124.00202749349069
11.810648679733276,-4.326642878376678,0.433678037719979,124.01346941287518
11.82140588760376,-4.326642878376678,0.433678037719979,124.01346941287518
11.832149744033813,-4.326642878376678,0.433678037719979,124.01346941287518
11.842850685119629,-4.326642878376678,0.433678037719979,124.01346941287518
11.85320782661438,-4.326642878376678,0.433678037719979,124.01346941287518
11.865230083465576,-4.282711214729314,0.4418138842505764,124.0307827216581
11.87559199333191,-4.282711214729314,0.4418138842505764,124.0307827216581
11.88659381866455,-4.282711214729314,0.4418138842505764,124.0307827216581
11.897333860397339,-4.282711214729314,0.4418138842505764,124.0307827216581
11.90999960899353,-4.264293837425756,0.45143279039475087,124.02649265352358
11.920741558074951,-4.264293837425756,0.45143279039475087,124.02649265352358
11.931578874588013,-4.264293837425756,0.45143279039475087,124.02649265352358
11.942355394363403,-4.264293837425756,0.45143279039475087,124.02649265352358
11.953016996383667,-4.264293837425756,0.45143279039475087,124.02649265352358
11.964735507965088,-4.267585589765935,0.45760534119214696,124.02637130177652
11.975100755691528,-4.267585589765935,0.45760534119214696,124.02637130177652
