Time,Command_Torque,Position,Actual_Torque,Speed,Voltage
0.0002,0.0003,3200.00,0.00,9984.00,0.00
0.0205,0.0410,3200.00,0.00,9984.00,0.00
0.0408,0.0815,3200.00,0.00,9984.00,0.00
0.0610,0.1217,3200.00,0.00,9984.00,0.00
0.0812,0.1618,3200.00,0.00,9984.00,0.00
0.1015,0.2015,3200.00,0.00,9984.00,0.00
0.1216,0.2409,3200.00,0.00,9984.00,0.00
0.1419,0.2799,3200.00,0.00,9984.00,0.00
0.1621,0.3185,3200.00,0.00,9984.00,0.00
0.1822,0.3565,3200.00,0.00,9984.00,0.00
0.2024,0.3939,3200.00,0.00,9984.00,0.00
0.2227,0.4308,3200.00,0.00,9984.00,0.00
0.2429,0.4669,3200.00,0.00,9984.00,0.00
0.2632,0.5025,3200.00,0.00,9984.00,0.00
0.2838,0.5376,3200.00,0.50,10240.00,0.26
0.3043,0.5717,3200.00,0.53,10240.00,0.98
0.3247,0.6047,3200.00,0.57,10240.00,1.59
0.3450,0.6365,3200.00,0.61,10240.00,2.01
0.3652,0.6672,3200.00,0.61,10240.00,2.45
0.3855,0.6969,3200.00,0.60,10240.00,3.08
0.4062,0.7259,3200.00,0.69,10240.00,3.73
0.4265,0.7533,3200.00,0.73,10240.00,4.40
0.4468,0.7793,3200.00,0.79,10240.00,5.16
0.4671,0.8041,3200.00,0.86,10240.00,5.87
0.4873,0.8275,3200.00,0.87,10240.00,6.71
0.5076,0.8496,3200.00,0.76,10240.00,7.48
0.5279,0.8703,3200.00,0.89,10240.00,8.37
0.5482,0.8895,3200.00,0.83,10240.00,9.24
0.5684,0.9073,3200.00,0.82,10240.00,10.13
0.5886,0.9236,3200.00,0.88,10240.00,11.13
0.6089,0.9383,3200.00,0.89,10240.00,12.15
0.6292,0.9516,3200.00,0.86,10240.00,13.17
0.6495,0.9633,3200.00,1.01,10240.00,14.24
0.6698,0.9734,3200.00,0.91,10240.00,15.27
0.6901,0.9819,3200.00,1.05,10240.00,16.44
0.7103,0.9887,3200.00,1.02,10240.00,17.49
0.7306,0.9940,3200.00,0.84,10240.00,18.62
0.7508,0.9976,3200.00,0.87,10240.00,19.68
0.7711,0.9996,3200.00,0.98,10240.00,20.82
0.7913,0.9999,3200.00,0.86,10240.00,21.94
0.8115,0.9986,3200.00,0.96,10240.00,23.13
0.8317,0.9957,3200.00,0.87,10240.00,24.27
0.8520,0.9911,3200.00,1.23,10240.00,25.22
0.8723,0.9849,3200.00,1.01,10240.00,26.26
0.8925,0.9771,3200.00,0.79,10240.00,27.73
0.9128,0.9677,3200.00,1.16,10240.00,29.35
0.9331,0.9567,3200.00,0.47,10240.00,30.75
0.9533,0.9441,3200.00,0.20,10240.00,31.79
0.9737,0.9299,3200.00,0.07,10240.00,31.56
0.9940,0.9143,3200.00,0.14,10240.00,31.86
1.0143,0.8971,3200.00,0.23,10240.00,31.54
1.0345,0.8784,3200.00,0.16,10240.00,31.90
1.0548,0.8583,3200.00,0.19,10240.00,31.53
1.0750,0.8369,3200.00,0.11,10240.00,31.88
1.0952,0.8141,3200.00,0.12,10240.00,31.52
1.1154,0.7899,3200.00,0.07,10240.00,31.88
1.1357,0.7644,3200.00,0.09,10240.00,31.51
1.1559,0.7377,3200.00,0.24,10240.00,31.79
1.1762,0.7098,3200.00,0.12,10240.00,31.49
1.1964,0.6808,3200.00,0.27,10240.00,31.76
1.2168,0.6503,3200.00,0.23,10240.00,31.52
1.2372,0.6187,3200.00,0.26,10240.00,31.69
1.2576,0.5863,3200.00,0.07,10240.00,31.53
1.2779,0.5528,3200.00,0.24,10240.00,31.66
1.2984,0.5183,3200.00,0.00,10240.00,31.55
1.3189,0.4828,3200.00,0.33,10240.00,31.55
1.3392,0.4468,3200.00,0.00,9984.00,31.09
1.3595,0.4102,3200.00,0.00,9984.00,30.15
1.3798,0.3728,3200.00,0.00,9984.00,28.81
1.4000,0.3350,3200.00,0.00,9984.00,28.16
1.4202,0.2966,3200.00,0.00,9984.00,26.98
1.4405,0.2576,3200.00,0.00,9984.00,25.76
1.4610,0.2178,3200.00,0.00,9984.00,24.96
1.4814,0.1778,3200.00,0.00,9984.00,24.16
1.5018,0.1375,3200.00,0.00,9984.00,23.20
1.5221,0.0973,3200.00,0.00,9984.00,22.22
1.5424,0.0568,3200.00,0.00,9984.00,21.24
1.5627,0.0162,3200.00,0.00,9984.00,20.36
1.5829,-0.0242,3200.00,0.00,9984.00,19.50
1.6035,-0.0653,3200.00,0.00,9984.00,18.02
1.6239,-0.1060,3200.00,0.00,9984.00,17.24
1.6442,-0.1462,3200.00,0.00,9984.00,16.52
1.6645,-0.1864,3200.00,0.00,9984.00,15.50
1.6849,-0.2262,3200.00,0.00,9984.00,14.71
1.7052,-0.2656,3200.00,0.00,9984.00,14.03
1.7255,-0.3046,3200.00,0.00,9984.00,13.17
1.7460,-0.3433,3200.00,0.00,9984.00,12.39
1.7665,-0.3815,3200.00,0.00,9984.00,11.75
1.7869,-0.4189,3200.00,0.00,9984.00,10.91
1.8073,-0.4556,3200.00,0.00,9984.00,10.27
1.8280,-0.4919,3200.00,0.00,9984.00,9.45
1.8484,-0.5271,3200.00,0.00,9984.00,8.86
1.8687,-0.5611,3200.00,-0.55,10240.00,7.81
1.8890,-0.5942,3200.00,-0.65,10240.00,6.43
1.9093,-0.6264,3200.00,-0.56,10240.00,4.94
1.9297,-0.6578,3200.00,-0.65,10240.00,3.35
1.9501,-0.6879,3200.00,-0.62,10240.00,1.80
1.9704,-0.7168,3200.00,-0.66,10240.00,-0.25
1.9910,-0.7450,3200.00,-0.77,10240.00,-1.60
2.0114,-0.7715,3200.00,-0.76,10240.00,-2.17
2.0317,-0.7967,3200.00,-0.78,10240.00,-2.94
2.0520,-0.8206,3200.00,-0.80,10240.00,-3.59
2.0724,-0.8432,3200.00,-0.78,10240.00,-4.42
2.0928,-0.8644,3200.00,-0.80,10240.00,-5.23
2.1131,-0.8841,3200.00,-0.88,10240.00,-6.64
2.1337,-0.9026,3200.00,-0.87,10240.00,-7.35
2.1541,-0.9194,3200.00,-0.92,10240.00,-8.26
2.1744,-0.9346,3200.00,-0.89,10240.00,-9.08
2.1947,-0.9483,3200.00,-0.88,10240.00,-9.97
2.2151,-0.9604,3200.00,-1.00,10240.00,-10.93
2.2355,-0.9710,3200.00,-1.02,10240.00,-11.85
2.2560,-0.9800,3200.00,-0.90,10240.00,-12.74
2.2764,-0.9873,3200.00,-1.11,10240.00,-13.86
2.2972,-0.9930,3200.00,-1.06,10240.00,-14.50
2.3174,-0.9970,3200.00,-1.10,10240.00,-15.39
2.3377,-0.9993,3200.00,-1.00,10240.00,-16.36
2.3580,-1.0000,3200.00,-1.19,10240.00,-17.40
2.3782,-0.9990,3200.00,-1.25,10240.00,-18.14
2.3985,-0.9964,3200.00,-1.02,10240.00,-18.84
2.4187,-0.9922,3200.00,-1.03,10240.00,-19.56
2.4390,-0.9863,3200.00,-0.89,10240.00,-20.27
2.4593,-0.9788,3200.00,-0.91,10240.00,-20.99
2.4796,-0.9697,3200.00,-1.04,10240.00,-21.69
2.4998,-0.9590,3200.00,-1.06,10240.00,-22.44
2.5201,-0.9467,3200.00,-1.10,10240.00,-23.16
2.5406,-0.9327,3200.00,-1.17,10240.00,-23.92
2.5609,-0.9173,3200.00,-0.55,10240.00,-24.32
2.5812,-0.9005,3200.00,-1.03,10240.00,-24.70
2.6013,-0.8822,3200.00,-0.83,10240.00,-25.10
2.6215,-0.8625,3200.00,-1.36,10240.00,-25.72
2.6418,-0.8413,3200.00,-1.24,10240.00,-26.44
2.6620,-0.8187,3200.00,-0.63,10240.00,-26.48
2.6822,-0.7948,3200.00,-0.66,10240.00,-26.92
2.7025,-0.7696,3200.00,-1.00,10240.00,-27.86
2.7228,-0.7431,3200.00,-0.33,10240.00,-28.33
2.7430,-0.7154,3200.00,-0.72,10240.00,-29.11
2.7633,-0.6865,3200.00,-1.11,10240.00,-30.61
2.7836,-0.6564,3200.00,0.66,10240.00,-31.27
2.8038,-0.6254,3200.00,-1.12,10240.00,-31.73
2.8240,-0.5933,3200.00,0.65,10240.00,-31.59
2.8443,-0.5602,3200.00,-0.86,10240.00,-31.90
2.8645,-0.5262,3200.00,0.32,10240.00,-31.61
2.8848,-0.4914,3200.00,-0.78,10240.00,-31.95
2.9051,-0.4556,3200.00,0.00,9984.00,-31.02
2.9253,-0.4192,3200.00,0.00,9984.00,-30.32
2.9460,-0.3814,3200.00,0.00,9984.00,-29.11
2.9664,-0.3433,3200.00,0.00,9984.00,-28.02
2.9866,-0.3050,3200.00,0.00,9984.00,-27.27
3.0070,-0.2660,3200.00,0.00,9984.00,-26.21
3.0272,-0.2268,3200.00,0.00,9984.00,-24.87
3.0478,-0.1864,3200.00,0.00,9984.00,-24.03
3.0681,-0.1464,3200.00,0.00,9984.00,-23.16
3.0884,-0.1062,3200.00,0.00,9984.00,-22.33
3.1087,-0.0658,3200.00,0.00,9984.00,-21.42
3.1289,-0.0254,3200.00,0.00,9984.00,-20.52
3.1491,0.0150,3200.00,0.00,9984.00,-19.59
3.1693,0.0554,3200.00,0.00,9984.00,-18.67
3.1895,0.0956,3200.00,0.00,9984.00,-17.70
3.2098,0.1360,3200.00,0.00,9984.00,-16.99
3.2301,0.1762,3200.00,0.00,9984.00,-16.23
3.2503,0.2158,3200.00,0.00,9984.00,-15.44
3.2709,0.2558,3200.00,0.00,9984.00,-14.49
3.2912,0.2948,3200.00,0.00,9984.00,-13.76
3.3115,0.3332,3200.00,0.00,9984.00,-13.06
3.3317,0.3711,3200.00,0.00,9984.00,-12.08
3.3520,0.4086,3200.00,0.00,9984.00,-11.50
3.3724,0.4454,3200.00,0.00,9984.00,-10.62
3.3927,0.4813,3200.00,0.00,9984.00,-10.03
3.4129,0.5164,3200.00,0.00,9984.00,-9.20
3.4332,0.5506,3200.00,0.47,10240.00,-8.53
3.4536,0.5843,3200.00,0.54,10240.00,-6.19
3.4739,0.6167,3200.00,0.57,10240.00,-4.52
3.4941,0.6481,3200.00,0.62,10240.00,-2.80
3.5144,0.6785,3200.00,0.62,10240.00,-0.99
3.5347,0.7077,3200.00,0.68,10240.00,1.00
3.5550,0.7358,3200.00,0.70,10240.00,1.81
3.5754,0.7628,3200.00,0.77,10240.00,2.79
3.5956,0.7883,3200.00,0.75,10240.00,3.56
3.6158,0.8125,3200.00,0.86,10240.00,4.55
3.6361,0.8354,3200.00,0.72,10240.00,5.43
3.6563,0.8570,3200.00,0.97,10240.00,6.42
3.6766,0.8772,3200.00,0.84,10240.00,7.39
3.6970,0.8961,3200.00,1.02,10240.00,8.43
3.7172,0.9133,3200.00,0.94,10240.00,9.53
3.7375,0.9290,3200.00,0.83,10240.00,10.58
3.7578,0.9433,3200.00,1.00,10240.00,11.62
3.7780,0.9559,3200.00,0.88,10240.00,12.84
3.7986,0.9672,3200.00,1.00,10240.00,13.87
3.8192,0.9768,3200.00,0.98,10240.00,15.09
3.8394,0.9847,3200.00,0.96,10240.00,16.31
3.8597,0.9909,3200.00,0.87,10240.00,17.39
3.8799,0.9956,3200.00,0.96,10240.00,18.56
3.9002,0.9986,3200.00,1.01,10240.00,19.67
3.9204,0.9999,3200.00,0.93,10240.00,20.82
3.9407,0.9996,3200.00,0.94,10240.00,21.98
3.9610,0.9977,3200.00,0.94,10240.00,23.14
3.9813,0.9941,3200.00,0.86,10240.00,24.33
4.0015,0.9889,3200.00,0.88,10240.00,25.45
4.0218,0.9821,3200.00,1.15,10240.00,26.20
4.0420,0.9737,3200.00,0.78,10240.00,27.63
4.0623,0.9636,3200.00,0.98,10240.00,29.28
4.0825,0.9520,3200.00,0.81,10240.00,30.41
4.1027,0.9389,3200.00,0.30,10240.00,31.61
4.1229,0.9242,3200.00,0.21,10240.00,31.47
4.1431,0.9080,3200.00,0.13,10240.00,31.75
4.1633,0.8903,3200.00,0.32,10240.00,31.60
4.1839,0.8709,3200.00,0.12,10240.00,31.79
4.2041,0.8503,3200.00,0.55,10240.00,31.48
4.2243,0.8283,3200.00,0.19,10240.00,31.77
4.2448,0.8047,3200.00,0.55,10240.00,31.42
4.2655,0.7795,3200.00,0.17,10240.00,31.81
4.2858,0.7534,3200.00,0.31,10240.00,31.35
4.3060,0.7262,3200.00,0.10,10240.00,31.79
4.3263,0.6977,3200.00,0.46,10240.00,31.34
4.3465,0.6681,3200.00,0.05,10240.00,31.78
4.3668,0.6375,3200.00,0.24,10240.00,31.29
4.3870,0.6058,3200.00,0.23,10240.00,31.71
4.4073,0.5730,3200.00,0.15,10240.00,31.28
4.4276,0.5393,3200.00,0.24,10240.00,31.71
4.4478,0.5048,3200.00,-0.13,10240.00,31.28
4.4681,0.4694,3200.00,0.28,10240.00,31.66
4.4884,0.4332,3200.00,0.00,9984.00,30.87
4.5087,0.3963,3200.00,0.00,9984.00,30.23
4.5291,0.3585,3200.00,0.00,9984.00,28.95
4.5496,0.3199,3200.00,0.00,9984.00,28.01
4.5699,0.2812,3200.00,0.00,9984.00,27.06
4.5901,0.2422,3200.00,0.00,9984.00,25.89
4.6105,0.2023,3200.00,0.00,9984.00,24.89
4.6310,0.1621,3200.00,0.00,9984.00,23.95
4.6512,0.1220,3200.00,0.00,9984.00,23.15
4.6716,0.0814,3200.00,0.00,9984.00,22.25
4.6919,0.0410,3200.00,0.00,9984.00,21.33
4.7121,0.0005,3200.00,0.00,9984.00,20.42
4.7324,-0.0400,3200.00,0.00,9984.00,19.51
4.7527,-0.0804,3200.00,0.00,9984.00,18.54
4.7729,-0.1208,3200.00,0.00,9984.00,17.71
4.7932,-0.1609,3200.00,0.00,9984.00,16.48
4.8134,-0.2007,3200.00,0.00,9984.00,15.67
4.8336,-0.2401,3200.00,0.00,9984.00,14.81
4.8539,-0.2792,3200.00,0.00,9984.00,14.09
4.8741,-0.3179,3200.00,0.00,9984.00,13.31
4.8944,-0.3561,3200.00,0.00,9984.00,12.49
4.9147,-0.3936,3200.00,0.00,9984.00,11.74
4.9348,-0.4304,3200.00,0.00,9984.00,11.07
4.9551,-0.4665,3200.00,0.00,9984.00,10.32
4.9754,-0.5021,3200.00,0.00,9984.00,9.61
4.9957,-0.5367,3200.00,-0.53,10240.00,8.44
